"","x","y","elev","t01","t07"
"1",-64.6833,32.3667,6.1,17.0749230769231,26.0341983889553
"2",-64.85,32.2667,13.1,18.5522378873364,27.5990407388537
"3",-77.467,25.05,5,21.7649309851636,28.4854460368335
"4",-125.23,50.02,3,3.33007021639673,16.993504728593
"5",-125.2,50,4,3.7949633849645,17.6048529101066
"6",-125.2,50,5,3.7949633849645,17.6048529101066
"7",-125.99,50.45,8,3.421800769649,13.0438358148551
"8",-125.13,49.88,11,2.66098673995347,17.1828675665401
"9",-125.1333,49.8833,11,2.66008266404474,17.1825768862255
"10",-111.7,50.25,645,4.50357080901488,12.8376028169499
"11",-127.367,50.683,23,2.92815384615385,13.5272307692308
"12",-127.3667,50.6833,22,2.92815384615385,13.5272307692308
"13",-125.6333,49.9,549,0.489938703298929,16.8376599458933
"14",-125.63,49.9,549,0.490609598131293,16.8374870876862
"15",-126.55,49.383,7,5.41030757573016,14.2752958416722
"16",-126.55,49.3833,7,4.97293601350359,13.7754977819076
"17",-126.05,49.78,117,1.56296437153947,17.9452779127372
"18",-126.05,49.7833,119,1.56195159005572,17.9446525899517
"19",-128,50.65,569.1,1.24079131658489,10.9761251401421
"20",-128,50.65,579,1.24079131658489,10.9761251401421
"21",-122.95,50.15,668,-3.64282584438569,15.503442780778
"22",-128.1167,52.1833,4,3.58397502387181,15.156624805556
"23",-129.6833,53.05,10,2.07696915201873,12.8162697616152
"24",-129.683,53.05,6,2.07697577870698,12.8162685439552
"25",-129.25,53.4167,2,0.487619090338067,15.1118200830724
"26",-129.25,53.42,2,0.48580392361366,15.1110928174055
"27",-126.2,50.95,2,2.46354413376996,15.5338456782769
"28",-128.65,53.98,6,-3.22016910191061,17.0119926391189
"29",-128.65,53.9833,6,-3.22335483728737,17.0109554763915
"30",-129.75,55,3,-3.53921779038032,15.2105571887038
"31",-126.0667,52.3667,162,-2.46306448073962,18.0559867243779
"32",-127.25,51.68,3,1.83644919281479,14.4791679140094
"33",-127.25,51.6833,3,1.83408700007157,14.4778919410104
"34",-128.6833,54.05,11,-2.80419274768583,16.0360011908076
"35",-125.47,54.45,713,-8.69722707191284,14.723804055999
"36",-126.2833,54.2,1280,-8.66835696251417,11.6591895364689
"37",-126.28,54.2,1280,-8.66773740677066,11.6590324675363
"38",-127.1,54.73,515,-11.0414887640935,14.0850756732395
"39",-127.1,54.7333,515,-11.0442590025684,14.0841777957117
"40",-126.17,54.82,722,-9.84047958689603,14.4812901290399
"41",-123.28,52.08,800,-9.48311569784417,15.7836454621379
"42",-123.2833,52.0833,800,-9.48609535766037,15.7826438660871
"43",-123.18,52.55,1219,-12.2360646494213,11.8718803649745
"44",-123.0667,51.6667,1175,-11.0351103794387,13.1589577703132
"45",-124.9333,51.9833,899,-12.0384322279533,13.6050998010774
"46",-122.95,53,915,-9.41349726594975,14.3435934185918
"47",-124.083,52.117,906,-13.9723650487329,14.0138544978596
"48",-127.7,53.62,863,-7.76877158305449,11.4059023075245
"49",-124.4,51.67,875,-5.82177301921006,14.286674496128
"50",-126.22,53.83,863,-9.90537037037037,13.4029841316943
"51",-126.2167,53.8333,863,-9.90537037037037,13.4027997596952
"52",-122.0667,54.1167,625,-12.4376021374685,15.1721270800368
"53",-122.07,54.12,625,-12.4394747587292,15.1716395377931
"54",-120.8833,52.1,1532,-8.80627350801583,11.8021072593366
"55",-125.9667,54.3833,713,-10.9941412087926,12.8015477649246
"56",-120.98,53.73,648,-9.81866279272445,14.7670627701912
"57",-120.9833,53.7333,648,-9.82120229561741,14.7662298533785
"58",-119.85,53.13,725,-8.28242935930855,15.4117527597838
"59",-124.58,53.88,701,-10.5465392810651,14.5566897543436
"60",-124.5833,53.8833,701,-10.5492377688794,14.5560463376778
"61",-121.4167,52.3333,785,-10.6839701849972,14.7645415546076
"62",-122.4167,52.8167,570,-8.65947339328403,16.5265956568734
"63",-122.42,52.82,567,-8.66316113547152,16.5254022076022
"64",-122.7333,54.05,762,-9.8594084166155,15.4621723123137
"65",-122.4833,52.9833,488,-9.54460877770085,17.3269441679359
"66",-124.0167,54.0333,638,-9.57417835738191,16.2896088956433
"67",-124.27,54.08,683,-14.1768134531451,13.9612676110641
"68",-124.2667,54.0833,683,-14.1791373327086,13.9600842851106
"69",-122.4833,52.5333,541,-6.99634103415414,17.4221714916412
"70",-124.85,54.0833,674,-10.6926938651262,15.3601555442907
"71",-121.77,49.25,15,2.74788406289809,18.3123262915149
"72",-121.8,49.1833,11,1.87022419411188,18.1469449970343
"73",-123.3,49.1,0,4.27603892349503,17.1262063289221
"74",-121.5667,50.2333,175,-2.91360286377261,22.0602366872825
"75",-119.53,49.68,1194,-8.15006479144193,14.5859465693104
"76",-119.47,49.9,354,-2.98853923969372,20.1795958642999
"77",-119.4,49.95,456,-2.53544193214784,20.3961714816208
"78",-119.47,50.05,370,-1.19971634387892,21.0029807650787
"79",-119.4167,50.0333,503,-2.65686124505244,20.4226268485035
"80",-116.52,49.1,597,-2.29892307692308,20.0142535562222
"81",-116.97,50.23,549,-3.66615398070463,17.6940678344608
"82",-116.9667,50.2333,549,-3.6665594541452,17.6940292579403
"83",-117.92,49.15,2347,-10.6261860545612,9.58395085880006
"84",-117.9167,49.15,2347,-10.627616122467,9.58446019838543
"85",-115.78,49.73,914,-8.60587058665231,17.489532162396
"86",-115.7833,49.7333,914,-8.60723083232875,17.4880778540086
"87",-114.83,49.77,1890,-10.2174322536368,13.1708409007346
"88",-115.15,49.0167,709,-6.11225830687134,18.9897977250024
"89",-115.15,49.02,709,-6.11582152409538,18.988313799237
"90",-121.2833,50.7167,305,-5.63873719098737,21.9780288523063
"91",-120.3333,50.6667,379,-3.61490814373737,21.5558260402323
"92",-120.35,50.6833,345,-6.46094339653308,20.1873816985688
"93",-120.1333,50.8,1737,-8.52894310611109,12.4749886483126
"94",-118.95,51.25,351,-5.14807459352293,18.4321800810047
"95",-119.283,50.7,351,-3.61656216095801,19.930129237846
"96",-117.15,51.4833,783,-9.97796378456747,16.8334907362856
"97",-118.58,52.05,579,-6.43184553360801,16.8845039416828
"98",-117.72,51.23,1875,-9.0754808127052,10.838699250799
"99",-117.7,51.2333,1890,-8.70848864231803,11.2625182599399
"100",-121.0333,55,854,-9.46433095074151,14.9012199207711
"101",-121.03,55,854,-9.4635369284882,14.9015436902378
"102",-74.767,46.4,252,-23.2290916893911,12.1766716921447
"103",-121.267,50.7,327,-25.7703125,17.158125
"104",-123.1,49.233,84,-29.7901278017341,11.8455098449934
"105",-115.783,54.15,782,-29.7136916292549,7.77308675362442
"106",-110.683,49.367,927,-28.970578608474,6.32722340273459
"107",-112.97,54.28,664,-13.9241428980342,15.6260192735591
"108",-111.1833,53.1167,658,-12.6309510796583,16.5206747292082
"109",-110.1,52.1167,687,-11.7899139402103,17.9683117788782
"110",-114.4833,53.1667,843,-10.0302439851484,16.6906656684188
"111",-113.85,53.28,720,-13.5729824561404,16.4582191461835
"112",-113.8667,53.2833,720,-13.5729824561404,16.4580883174582
"113",-115.25,51.98,1280,-9.60530414280614,13.6409152740932
"114",-115.25,51.9833,1280,-9.60809345237504,13.6407145533643
"115",-110.7167,51.9333,772,-12.4895875514666,17.2809345377685
"116",-110.77,51.85,753,-17.5599092521767,17.1471820058983
"117",-111.0667,53.8833,605,-17.9104805520456,16.3823982831636
"118",-110.58,53.94,630,-14.2984799002387,16.0136260836236
"119",-111.1167,53.7167,580,-14.1124222511462,16.153174023277
"120",-110.8,51.72,732,-15.9308401232693,16.9056170118726
"121",-112.95,54.32,671,-17.2336495582931,15.2651798027894
"122",-114.1167,53.8833,701,-13.4501195550416,16.3358194193437
"123",-114.05,53.22,744,-15.6797625951181,15.8312791324097
"124",-111.7333,53.1833,711,-10.544165096705,14.7231668322021
"125",-113.82,52.28,860,-14.0179686131589,16.6541167670529
"126",-113.8,52.3167,847,-10.6745329148602,17.2527197350104
"127",-113.9,52.1833,905,-13.2218249739827,16.0109182392982
"128",-114.683,51.767,1114,-10.4873080735909,14.9140334316873
"129",-114.6833,51.7833,1114,-10.4992574383669,14.9138099527343
"130",-112.3,49.8,824,-6.64167779376174,18.4506495341084
"131",-113.8167,49.6167,1073,-5.71067100140648,17.1331249368867
"132",-113.82,49.62,1073,-5.71259871773457,17.1314110138532
"133",-113.2833,49.2,1136,-5.74999641502809,17.5814465665351
"134",-113.283,49.2,1136,-5.75011713569195,17.5814708694093
"135",-113.6333,50,1009,-8.06464676312047,17.2867918272449
"136",-113.633,50,1012,-8.06475694732417,17.2868160068351
"137",-111.7333,49.8667,783,-7.09290685751965,18.9470128818087
"138",-110.7167,50.0167,717,-9.22462701938592,19.7585767605868
"139",-110.7167,50.0333,715,-8.32570179743194,20.084682961313
"140",-111.7,50.2667,645,-9.32917258369442,17.7881759488815
"141",-111.05,49.8667,838,-11.2504719230139,19.4017772594442
"142",-116.3333,52.3167,1341,-8.67382994377625,14.2293683980413
"143",-116.33,52.32,1341,-8.6758231694332,14.2291716158238
"144",-115.92,51.27,1524,-13.7920522054199,12.411687567915
"145",-118.38,52.87,1128,-13.8399515149805,13.2068440348169
"146",-116.05,52.5,1320,-10.7413775224831,13.3229455512728
"147",-115.19,50.94,2543,-10.1595922546246,9.15062921085849
"148",-115.1833,50.95,2543,-10.006897481595,9.37978723662819
"149",-113.2833,54.7167,515,-18.5637936281313,15.6736434832194
"150",-113.28,54.72,515,-18.6620770129373,15.702566507277
"151",-117.87,53.35,1036,-9.78277655580635,14.6307994438721
"152",-117.8667,53.35,1036,-10.4576983566271,14.7631104252555
"153",-113.95,54.3167,614,-13.8212037945156,15.5613733205137
"154",-113.95,54.32,614,-13.8252041602774,15.5603595914781
"155",-117.7,53.3667,991,-11.1289608209356,14.4316501686734
"156",-117.7,53.37,991,-11.129923295221,14.4312934587066
"157",-118.45,53.8,1448,-12.4959206560206,10.8028596590723
"158",-115.0167,54.2333,633,-13.3883222804919,15.8526541221094
"159",-116.97,53.23,1130,-11.0089892653271,14.2735008995526
"160",-116.9667,53.2333,1130,-11.010719844564,14.2733994900332
"161",-112.07,54.67,576,-15.0535610435428,16.5908367086072
"162",-115.783,54.15,782,-12.3102672386872,15.8200127713356
"163",-115.32,53.57,853,-12.0287463876866,14.6352061292627
"164",-119.1,53.9,1250,-8.12100743658535,12.9265490141533
"165",-117.7333,54.4167,884,-9.40039074449118,15.5615909277019
"166",-117.75,54.42,884,-9.3902696590561,15.5696635849697
"167",-119.2,54.93,762,-14.3535654595651,15.0167726272243
"168",-119.2,54.9333,762,-14.3570419116073,15.0162281490012
"169",-116.82,54.4,829,-12.4492400896779,14.8821844718072
"170",-116.8167,54.4,829,-12.4507615324552,14.8826996418721
"171",-110.2833,54.4167,541,-16.4785365627386,17.3426961959802
"172",-104.7333,49.6167,728,-13.9845823783667,18.9728387271123
"173",-102.2167,50.8167,536,-16.9050024725471,18.318726130551
"174",-105.3833,50.55,588,-14.8004056651857,19.0481876505774
"175",-101.7833,51.5167,450,-19.2473410538045,17.9028248623745
"176",-105.0333,49.7333,716,-13.7476034036089,19.0027622779617
"177",-101.45,49.33,511,-15.5431958294703,19.1303543992548
"178",-102.67,51.5,484,-17.7805734965905,18.0047967119869
"179",-102.6667,51.5,484,-17.7812266052988,18.004764909049
"180",-103.15,49.75,625,-17.2859334860721,19.7987947781942
"181",-105.1,52.2,567,-19.3055298411416,17.8476009333304
"182",-105.53,51.37,556,-17.8009718199884,18.747656617237
"183",-103.45,52,585,-19.4883280404229,17.1870682519168
"184",-105.25,51.417,497,-16.678168452984,17.9928606233872
"185",-105.55,50.333,577,-13.8031407981754,19.4631166213579
"186",-105.5333,50.3333,577,-12.7840777300499,18.6291513623401
"187",-103.2667,51.4,637,-16.2505494182341,17.0268295440465
"188",-102.65,51.95,518,-19.6967062552874,17.3448624975985
"189",-104.2,51.7667,561,-16.5655158791888,18.2127948892145
"190",-104.2,51.77,560,-16.0269176883218,17.5200598420384
"191",-102.6833,50.3833,600,-15.7394784260982,18.2531748277804
"192",-109.47,50,764,-9.91847912383551,20.1288400246803
"193",-109.4667,50,764,-9.91856016539298,20.1288386026253
"194",-108.26,52.77,548,-17.6768237407986,17.21327126358
"195",-108.95,53.0167,561,-17.2852057178639,17.1240743399245
"196",-108.95,53.02,561,-17.2867999174259,17.123519318334
"197",-108.37,52.97,536,-20.8937659306828,17.5510558855924
"198",-107.8667,53.1,704,-19.2910236905748,15.8071566003613
"199",-108.02,51.62,586,-16.2040708454173,18.1354798443925
"200",-107.917,51.567,586,-16.1815290517463,17.1180781906441
"201",-107.85,52.58,538,-16.0021710499945,18.0325408354509
"202",-107.85,52.5833,538,-16.0049446591268,18.0316559889879
"203",-109.4,53.1333,638,-16.476875,17.1283095018008
"204",-105.7667,53.5333,494,-21.9151547627244,16.4574087328993
"205",-105.683,53.217,428,-19.2533846153846,17.4743076923077
"206",-107.42,52.4,520,-16.6667540002794,17.8557080176338
"207",-107.4167,52.4,520,-16.6676772646715,17.8371899953703
"208",-105.63,51.95,547,-17.4314033280901,18.055041243895
"209",-108.517,54.133,480,-18.2558929051882,16.6142678786398
"210",-108.433,54.117,482,-18.8395350322591,17.9465078028751
"211",-109.75,54.35,549,-19.7886298664271,15.9271897652956
"212",-106.08,53.92,532,-18.8574561641645,16.5091843591876
"213",-108.5167,54.1333,481,-17.4528959419544,16.4964184458089
"214",-102.3,53.97,271,-23.6818348359742,17.9317113863807
"215",-103.1667,53.3667,319,-19.4647587238287,17.7763300476033
"216",-103.17,53.37,319,-19.4665297995012,17.7756106844357
"217",-101.7333,51.9667,450,-20.9023167418034,17.3721490426164
"218",-101.6333,52.2,450,-18.8835852835503,17.1585766825137
"219",-102.4,52.8667,372,-18.6643744413619,17.8742243882754
"220",-102.4,52.867,372,-18.6644284801302,17.8742151622255
"221",-101.87,52.08,509,-18.9189992465277,16.8611288057197
"222",-102.98,52.87,467,-20.7908432949929,16.5151011814064
"223",-102.83,52.75,422,-22.2448181838863,16.9373216226895
"224",-99.95,49.9167,409,-18.485144372386,18.118
"225",-99.35,49.8667,385,-18.7861442192252,18.6306780200109
"226",-99.55,49.7,360,-18.2737133909345,20.2720275613177
"227",-98.62,49.45,488,-17.7784258709791,18.4095337556319
"228",-99.933,50.65,627,-18.7009436224264,16.3408705444835
"229",-98.15,49.43,282,-16.3325005928321,19.3237016279868
"230",-98.25,49.45,297,-14.9875127538697,20.2253585884865
"231",-98.1,49.18,302,-16.9693003783071,20.3631863469137
"232",-98.0833,49.1833,298,-14.3669883796451,20.091688300664
"233",-97.05,49.6,237,-19.2726351107648,18.7763099495099
"234",-98.9,49.1833,470,-17.3359628444151,18.1029817768878
"235",-96,49.0333,326,-16.7069272354542,18.9515362204464
"236",-97.13,49.89,230,-16.0137041082658,20.7940739296336
"237",-97.03,52.35,217,-21.406279196405,18.2429316086084
"238",-97.0167,52.3667,222,-19.9231275967411,17.4109512003346
"239",-95.7,51.03,259,-19.8361099898699,18.3177271090733
"240",-95.7,51.0333,259,-19.8376426502798,18.3171887932147
"241",-97.6167,52.8167,223,-19.1283827569087,18.3601446251608
"242",-97.62,52.82,223,-19.131702933021,18.3592751182351
"243",-97.55,51.08,253,-18.9440209558802,18.0770503788509
"244",-96.9833,50.6333,217,-16.900580076126,19.6286160670969
"245",-99.267,53.183,221,-21.4306855364639,17.7135412859606
"246",-99.2667,53.1833,223,-21.4310391865632,17.7134355300894
"247",-96,50.4667,249,-18.0093597177397,19.5465225887317
"248",-96,50.47,249,-18.0096520886881,19.5463792280272
"249",-96.0167,50.1167,267,-18.3851757636708,19.3945912669124
"250",-96.02,50.12,267,-18.387619100757,19.3937620095896
"251",-100.9167,52.5167,268,-19.7669219359279,17.6445975744367
"252",-100.92,52.52,268,-19.7684945082848,17.644294369781
"253",-98.383,50.183,248,-17.5770756202018,19.1960305917333
"254",-98.3833,50.1833,248,-17.5771379673718,19.1960100745109
"255",-99.55,51.72,250,-18.8662941417453,19.0228994778953
"256",-98.6167,51.3,250,-20.935221333017,18.4703101860956
"257",-99.7833,51.0667,280,-17.0690156395192,19.1322609228063
"258",-99.78,51.07,280,-17.0712114308183,19.1315617490347
"259",-100.57,51.8,378,-16.6466362704059,17.9561715385559
"260",-100.5667,51.8,378,-16.6474563642579,17.9559345387058
"261",-99,50.45,268,-17.6294481681323,19.1819149110174
"262",-99,50.45,378,-17.6294481681323,19.1819149110174
"263",-101.22,52.05,347,-19.3832737458841,17.554202674372
"264",-99.533,50.717,351,-15.9247313483031,19.0296788461331
"265",-101.233,52.117,335,-18.733365078206,18.0467718306089
"266",-101.68,54.68,304,-21.1481346619881,17.7916121141801
"267",-101.6833,54.6833,304,-21.1731344089287,17.9606416000241
"268",-101.1,53.9667,274,-19.1127130253903,18.1383590506655
"269",-101.37,54.18,271,-22.1416756284513,17.2844615551337
"270",-101.3667,54.1833,271,-22.144560820433,17.2833527222547
"271",-98.03,54.53,219,-22.0301963698656,17.453455120916
"272",-98.0333,54.5333,219,-22.0311121153017,17.4576896767397
"273",-94.65,53.85,236,-22.6556067981814,17.7067254207185
"274",-97.85,53.9667,224,-21.7691945799471,17.564167391305
"275",-98.633,54.916,233,-24.3977220907505,16.9290193647649
"276",-98.6333,54.9167,233,-24.3923257419146,16.9307392808708
"277",-97.85,53.95,224,-22.6355797281214,17.4495714127323
"278",-97.8,54,217,-22.4479312007389,18.4502703679355
"279",-89.9,53.8167,223,-23.2186837138308,16.4610222846335
"280",-89.867,53.833,218,-22.7058433236945,16.8162221638011
"281",-89.9,53.8167,222,-23.0537149397091,15.9201753396489
"282",-90.15,51.5,345,-21.4229749053228,17.2513992629755
"283",-87.883,52.233,255,-22.3094389494749,17.1583733754304
"284",-87.9333,52.2,253,-21.6476748883803,16.6175551902397
"285",-85.43,54.98,52,-24.6289618470623,13.2464204947588
"286",-85.4333,54.9833,53,-24.6307977231757,13.2454206781928
"287",-93.8,51.0667,386,-19.6418323668896,17.9613919804667
"288",-93.8,51.067,386,-19.641895975289,17.961369704443
"289",-91.617,48.75,391,-17.888735852253,17.6845886012191
"290",-93.7167,49.65,358,-18.9109825917386,17.0589517484307
"291",-91.9,50.1167,383,-18.6273846153846,18.2372307692308
"292",-91.9,50.1167,383,-18.69674095809,17.801728119633
"293",-93.6333,49.8333,385,-20.1431328516745,18.2086377509722
"294",-87.1667,48.7833,189,-13.8148186933083,14.3379237842603
"295",-88.9,50.283,322,-19.9886096980406,16.6571677210195
"296",-88.9,50.3,323,-19.9891438317159,16.663411096016
"297",-89.0333,50.3,351,-20.7348670357682,16.2185396557581
"298",-87.95,49.62,305,-19.6460636973704,16.6412915208853
"299",-85.8333,49.2667,338,-18.2262311788166,17.2626913033435
"300",-85.8333,47.3333,187,-6.1286799138045,12.9399806221136
"301",-88.5167,48.8167,193,-16.867285155582,16.6049514484628
"302",-88.52,48.82,193,-16.8700127844478,16.6039823447896
"303",-90.58,49.27,503,-19.3341127277544,17.1468450373913
"304",-86.5,49.75,317,-22.2777191231455,16.2804597698527
"305",-86.4,48.7167,189,-13.6480504609867,13.6170703546649
"306",-86.4,48.72,189,-13.64940827219,13.6164306561468
"307",-86.7,50.18,325,-19.8857198348837,16.373147480568
"308",-86.7,50.1833,325,-19.8881899632168,16.3719152965818
"309",-89.87,48.73,433,-18.4497494061449,16.244169932235
"310",-89.8667,48.7333,433,-18.4521639185003,16.2425131020472
"311",-90.4667,49.0333,489,-17.1150986051804,16.5712070841083
"312",-89.1167,48.3667,211,-13.4609962077008,16.6269577644726
"313",-89.12,48.37,211,-13.4649501096893,16.6263626804571
"314",-89.23,48.4,184,-14.613179721113,16.9578773253218
"315",-84.0833,46.75,221,-12.5457898201946,16.782547643504
"316",-84.08,46.75,221,-12.5456562058375,16.7823943929848
"317",-84.78,47.97,287,-14.3040037144438,15.4469569344373
"318",-82.1,47.3,407,-16.0635033943279,16.7464920102452
"319",-82.4333,48.25,329,-16.8482993241233,16.5019148149855
"320",-82.43,48.25,329,-16.8482336624039,16.5018328555424
"321",-81.15,46.43,282,-12.6129607322062,19.3988938900141
"322",-81.15,46.4333,282,-12.6162346447891,19.3974558881943
"323",-82.02,46.18,198,-11.615325153553,18.4742708633074
"324",-82.0167,46.2,200,-11.6204842861144,18.4887297979476
"325",-81.45,47.3,410,-16.6749638893042,16.5310805371745
"326",-81.5667,49.8833,204,-20.390858727616,16.4994916033076
"327",-79.85,47.7,243,-15.4793784195929,18.4439541436687
"328",-81.6667,52.2167,15,-21.8721086531684,15.4897374881824
"329",-81.67,52.22,15,-21.8744367165312,15.4887105736903
"330",-79.83,47.8,222,-17.2201719128357,17.0795574247143
"331",-80.67,48.75,259,-18.3118759845516,16.8043262398773
"332",-81.37,49.58,178,-19.3861286458113,17.131695899645
"333",-82.45,49.4,218,-18.2921568627451,17.3237254901961
"334",-82.44,49.41,218,-18.8200230892722,16.5527048881445
"335",-80.6,51.2833,9,-20.3111580668542,15.2881208438675
"336",-80.65,51.2667,10,-19.3118377309135,16.2059450299801
"337",-80.65,51.267,9,-19.3118494505685,16.2059389203909
"338",-80.6167,51.3,9,-19.9547703014864,15.4686719342547
"339",-84.1667,49.75,264,-18.9523871721778,16.7490743517102
"340",-84.16,49.75,264,-18.9571224766721,16.7455494619792
"341",-85.27,50.03,189,-19.3568775230569,16.939868424138
"342",-85.2667,50.0333,189,-19.3595043434286,16.9382970983307
"343",-82.1667,50.0667,183,-18.681590323457,17.7089495303443
"344",-82.17,50.07,183,-18.6822478537048,17.7088658560131
"345",-81.3833,48.55,294,-13.1077471601367,14.9284960763149
"346",-80.5833,48.75,274,-17.9408028735031,16.432793431709
"347",-80.58,48.75,274,-17.9408140873214,16.4327107508882
"348",-81.4,48.35,271,-17.592570247243,16.9564566945102
"349",-78.55,45.58,433,-12.7392878410042,17.9496891998675
"350",-78.7333,46.3667,172,-12.7124976477776,18.7669635469312
"351",-78.73,46.37,172,-12.7149914925076,18.7656709047719
"352",-77.9833,45.5,316,-12.2503534040891,17.9478
"353",-82.47,45.92,191,-10.251488931085,18.6465439697568
"354",-76.3667,45.4167,107,-11.9286773420174,20.1966072798214
"355",-76.37,45.42,107,-11.9293996862894,20.1963568515406
"356",-77.37,46.05,122,-11.8779851917589,20.0223343368044
"357",-77.3667,46.05,122,-11.8780072844772,20.0223259681056
"358",-77.7,46.18,130,-12.5766268440215,19.6630620036992
"359",-75.63,45.45,54,-11.0708094304835,20.8619382991329
"360",-77.25,45.8667,161,-6.84123780548313,15.1658237641586
"361",-80.52,44.17,480,-8.95520469626326,17.5246169411973
"362",-79.9167,44.2667,223,-8.28267812782151,19.7029688327287
"363",-80.4833,44.5667,213,-6.66181628710696,19.6346012000789
"364",-80.48,44.57,213,-6.66270513985416,19.6342009915502
"365",-81.7333,45.3333,181,-6.53873444576965,17.3803065285041
"366",-81.72,43.77,214,-5.38612365722139,19.1467507837631
"367",-81.37,44.5,186,-6.07467971394323,18.5883357085688
"368",-81.3667,44.5,186,-6.07467021831325,18.5882961509797
"369",-81.15,44.13,244,-7.54433919768062,19.1107269135498
"370",-81.15,44.1333,244,-7.54670582231447,19.1097268643626
"371",-82.68,41.75,175,-4.34016739983336,23.0917640996403
"372",-80.5667,43.8167,452,-8.53842746099077,19.0994969989032
"373",-81.1833,43.4667,335,-7.99477567933147,19.493802642232
"374",-81.18,43.47,335,-7.99799282532338,19.4922283769495
"375",-80.4,43.97,482,-9.48136130921802,18.1164570633517
"376",-78.2167,44.05,175,-7.29223327676096,19.6284113217727
"377",-79.6167,43.5167,93,-4.69755922812239,21.8858313980285
"378",-79.57,43.57,76,-4.9624617175085,20.4487527955121
"379",-77.15,43.8333,79,-5.36232596747744,19.7309815356483
"380",-78.68,45.1,328,-12.2718128236802,18.3890364300886
"381",-73.43,46.03,59,-11.814408388952,20.1584695809176
"382",-73.43,46.02,56,-11.5173822842202,20.5319518906481
"383",-71.23,47.56,791,-17.5383458324411,13.9321907335188
"384",-71.2333,47.5667,791,-17.6052979084769,13.8316801513865
"385",-72.5167,46.35,6,-11.0376673644874,20.2596580654727
"386",-71.95,45.7667,229,-10.5597117430446,19.5326342527184
"387",-72.43,46.33,15,-12.6378876419827,19.4217713218333
"388",-72.4333,46.3333,15,-12.6389668037968,19.4212521519094
"389",-72.4333,45.5,198,-11.0015773434358,19.3587754693548
"390",-74.17,45.05,49,-9.5438731035962,20.7885443818611
"391",-74.1667,45.05,49,-9.54388740736222,20.7885247446364
"392",-71.8167,45.3667,181,-10.7692613267324,19.0302024082366
"393",-71.817,45.367,181,-10.7692888950254,19.0301999508996
"394",-73.5,45.7,9,-10.6100443587552,21.1805379148544
"395",-74.3167,45.9333,406,-13.390717435668,18.2377971746499
"396",-75.6,45.9,198,-13.6030025623821,19.3952502766854
"397",-75.7,45.72,175,-12.8345119350569,19.0977801353527
"398",-76.05,46.0667,142,-13.1339091148926,18.6361147176929
"399",-76.05,46.07,142,-13.1445961197071,18.6306464524675
"400",-68.2,49.133,53,-14.2187320183383,15.5366321562992
"401",-68.2,49.1333,22,-14.2187996174907,15.5366078967135
"402",-68.2,49.13,22,-13.0119730325411,15.821191094911
"403",-68.2,49.1333,22,-13.0155424554659,15.8194832283032
"404",-68.6167,48.9667,46,-12.5497042652065,15.7014981049325
"405",-68.62,48.97,46,-12.5534306429999,15.700060177875
"406",-68.1833,49.2333,69,-13.2047517284354,17.123435665247
"407",-68.15,49.267,126,-13.0986672021101,17.0122058252046
"408",-62.8,50.28,8,-13.501638447919,14.8432481249985
"409",-62.8,50.2833,8,-13.5033305731705,14.8425501897946
"410",-60.05,50.15,7,-9.79112737554135,11.3593994509346
"411",-60.0667,50.1667,7,-10.1886557320086,11.5343594312201
"412",-68.38,49.13,15,-13.1328911655161,16.5667123854754
"413",-68.3833,49.1333,15,-13.1357745585991,16.5656430368076
"414",-70.7833,47.0833,6,-11.4948395959448,18.8022270214599
"415",-68.1333,51.95,567,-20.6111458229782,13.7856862564628
"416",-68.133,51.95,566,-20.6111335646536,13.7856684990215
"417",-67.6167,49.3167,30,-14.3292929923528,15.7457094800347
"418",-67.62,49.32,30,-14.3311444748125,15.7452521317783
"419",-63.5833,50.25,6,-13.195970549471,13.9218146023562
"420",-63.58,50.25,6,-13.1955971636827,13.9216156750322
"421",-69.55,49.3,152,-17.4201818533605,17.9505092390953
"422",-63.2833,51.8667,561,-19.2604514822868,13.330935973609
"423",-64.2,50.2167,9,-11.1686857902499,11.8149650742277
"424",-69.55,48.0667,6,-9.73720109316585,12.6925958121644
"425",-68.3833,49.1167,15,-14.8217046616948,15.7062271757812
"426",-68.38,49.12,1,-14.8243192655336,15.7052344333515
"427",-68.4,49.3,122,-15.5933962962064,17.5519232383596
"428",-67.17,49.73,15,-15.2978554577967,16.3614385996251
"429",-67.1667,49.7333,15,-15.2460962235223,16.3682217739321
"430",-70.1167,48.2667,4,-13.1838521747988,18.2403699867294
"431",-65.7333,51.8833,610,-23.6560411380445,12.7207459674242
"432",-69.87,47.85,15,-11.7385930335896,16.9453563104275
"433",-69.8667,47.85,15,-11.7385324439629,16.9452373287074
"434",-67.0833,52.8,594,-22.7064000030628,13.5592907190394
"435",-67.08,52.8,594,-22.706096864868,13.5589639575435
"436",-63.2833,51.8667,589,-19.4148197930521,13.7784890285522
"437",-67.3833,49.3167,6,-11.5581971677238,14.2951697575909
"438",-64.32,50.3,15,-13.9075034373338,14.3138433481011
"439",-64.3167,50.3,15,-13.9071109362328,14.3135162186254
"440",-70.83,46.98,49,-11.4996228446149,19.768505884615
"441",-70.8333,46.9833,49,-11.5011917188329,19.7680580340176
"442",-66.4333,50.1667,24,-11.7818033189064,16.4440397593232
"443",-68.15,49.2667,130,-13.8577898120092,16.62137328574
"444",-67.35,48.3,335,-13.9715962275406,16.8605980939211
"445",-67.433,48.467,166,-14.7105649190964,16.9843919297316
"446",-67.45,48.5167,183,-14.6888716489841,16.9322866134293
"447",-67.4333,48.4667,166,-13.6097767714974,17.7097339432247
"448",-67.9,48.33,267,-14.1968516264738,16.5654935895863
"449",-67.9,48.3333,267,-14.1595616639582,16.5847080508264
"450",-68.7,48.3667,18,-11.3291638043711,17.2965387323522
"451",-68.7,48.37,18,-11.3316825926406,17.2952601446853
"452",-68.67,48.4,23,-11.5557766020195,17.7832567264129
"453",-68.6667,48.4,23,-11.5555974728959,17.7830361566916
"454",-67.9333,48.3667,236,-14.1072078097508,16.6771569613818
"455",-67.93,48.37,236,-14.1094438816785,16.6757782087211
"456",-67.8333,48.7,99,-13.390429227306,17.4568914084324
"457",-67.83,48.7,99,-13.3901683874481,17.4566035187315
"458",-66.733,49.083,35,-10.0503280149363,16.0623850818787
"459",-66.75,49.0833,37,-10.0466307998492,16.1260841677242
"460",-66.7333,49.0833,35,-9.97592340340043,16.2264151230001
"461",-65.3167,49.2333,2,-10.795,16.1072890549569
"462",-66.4,49.0167,229,-13.9419389632462,16.4838961947085
"463",-66.4,49.02,229,-13.9432564533204,16.4833940597361
"464",-67.2333,48.3667,168,-13.766480042883,17.2002554922932
"465",-67.23,48.37,168,-13.7667975037425,17.200015878788
"466",-67.17,48.5,332,-13.8326709083244,16.1208208738612
"467",-67.1667,48.5,332,-13.8565036045526,16.0972528073818
"468",-65.15,49.2,8,-11.6072557112912,16.9151651463393
"469",-61.7,49.0833,7,-9.194302754504,13.4094395148373
"470",-67.57,48.28,236,-14.322346717874,17.0767097865259
"471",-67.5667,48.2833,236,-14.3234843408768,17.075956127775
"472",-66.7,48.13,290,-14.4414352343296,15.9233688779339
"473",-66.7,48.1333,290,-14.4438017831195,15.9222764189226
"474",-66.6833,49.05,15,-12.4938597356609,17.2785943866077
"475",-66.68,49.05,15,-12.4935583499503,17.2782958193435
"476",-68.3667,48.5167,38,-12.2421584708288,17.6428547011828
"477",-68.37,48.52,38,-12.2437924686668,17.6423492433674
"478",-67.47,48.85,30,-11.7270164845945,16.472544168502
"479",-67.4667,48.85,30,-11.7269088126755,16.4724191821597
"480",-66.93,47.97,16,-12.7049319545879,17.7025245389987
"481",-68.217,48.6,52,-11.5208903769926,17.449967041851
"482",-68.2167,48.6,52,-11.5208898579069,17.4499663934975
"483",-65.52,48.95,575,-12.9851502371589,16.2918007359721
"484",-65.5167,48.95,575,-12.9850684037305,16.2917460663499
"485",-68.8,47.6,320,-13.9462490766391,17.6579154802948
"486",-66.3,48.1,7,-12.3722337827297,17.6539199242727
"487",-68.2,48.3167,305,-14.3111732705398,16.8126387061686
"488",-68.2,48.32,305,-14.311868289654,16.8122512834925
"489",-68.13,48.63,15,-11.8324776279866,17.404820675426
"490",-68.1333,48.6333,15,-11.8352584494757,17.4038680268938
"491",-68.4833,48.5,8,-11.1246887779013,16.2548796202726
"492",-68.467,48.517,5,-10.9035685941055,16.1941781859589
"493",-68.4667,48.5167,5,-10.427122318205,15.5300134132054
"494",-68.1333,48.6,73,-12.2980947335339,17.5323000148751
"495",-68.13,48.6,73,-12.2980303521955,17.5322323961112
"496",-68.52,48.45,36,-10.949394889888,18.1462776714463
"497",-68.5167,48.45,36,-10.9493793894251,18.1462429908012
"498",-67.0667,47.9833,274,-14.2536366433471,16.7951283753097
"499",-66.47,49.13,15,-11.6070901257433,16.494391197686
"500",-66.4667,49.1333,15,-11.607548353303,16.4939665824995
"501",-68.05,48.33,323,-13.8496190797344,17.2109102745698
"502",-68.05,48.3333,323,-13.8122628988772,17.2539640128508
"503",-68.15,48.48,259,-14.160433050829,17.2523368058919
"504",-68.15,48.4833,259,-14.1632510278687,17.2510203812814
"505",-68.82,48.05,320,-14.2293135319666,17.0909680869343
"506",-68.8167,48.05,320,-14.2292784815961,17.0909069278412
"507",-67.12,48.88,351,-13.8708429240741,16.3748023851387
"508",-67.1167,48.8833,351,-13.8716504657906,16.3743770059129
"509",-67.38,48.68,61,-13.8037489310936,17.8354533511298
"510",-67.3833,48.6833,61,-13.8057681860034,17.8347229846536
"511",-68.48,48.13,262,-14.122534933738,16.6898481117054
"512",-68.4833,48.1333,262,-14.1231059716429,16.689686023874
"513",-64.38,48.52,91,-13.1250570817161,14.9234429610403
"514",-64.62,48.85,15,-9.88668587466979,17.0932055880629
"515",-64.6167,48.85,15,-9.88624502524321,17.0928843733007
"516",-68.7833,48.25,148,-13.8124584297365,17.3116980644533
"517",-68.78,48.25,148,-13.8123236470961,17.3115040853212
"518",-68.9,48.4167,7,-9.677816069422,13.0081391032025
"519",-66.65,49.1167,5,-10.8499248764533,15.6152222071403
"520",-71,48.333,159,-16.1301538461538,17.6572307692308
"521",-71.017,50.733,497,-20.9049568119409,14.4686726081545
"522",-73.35,49.2833,304,-19.2789552243692,16.2087045813757
"523",-70.53,50.63,495,-19.7859878124657,14.7337163667072
"524",-70.5333,50.6333,495,-19.7891426511929,14.7324502187311
"525",-71.2667,49.8833,457,-18.8091217886118,15.108534290037
"526",-72.23,48.53,102,-15.7245251688475,18.2165713261584
"527",-72.2333,48.5333,102,-15.6918840832235,18.3115636780855
"528",-71.1167,51.5333,549,-22.618179700818,14.1546531196225
"529",-70.5333,50.65,497,-21.4158158876612,15.2680199809783
"530",-70.9167,48.3,152,-16.5324590218671,17.4727867494822
"531",-74.1,48.35,404,-17.0469535916564,15.6474373527843
"532",-75.2,48.1167,415,-16.5850174204997,16.9639464519265
"533",-72.7833,47.4167,169,-15.4975773115555,17.8703320537068
"534",-77.3667,47.8333,329,-17.0418383705635,16.5981343021772
"535",-79.27,48.05,290,-18.1806515217502,17.1176990848585
"536",-79.2667,48.05,290,-18.1807192573261,17.1176308357836
"537",-77.7,46.2,137,-12.3263386234078,19.8418102752779
"538",-79.4333,47.35,213,-15.2354413855064,18.272674825493
"539",-79.43,47.35,213,-15.2354588685573,18.2726528108727
"540",-79.0167,47.4333,274,-16.2557091271794,17.2789179377629
"541",-77.33,47.87,317,-16.3131420922866,16.6760770401777
"542",-74.85,49.7833,396,-18.7709526576491,16.2752188542138
"543",-74.37,49.92,378,-19.580852279759,15.9937954158792
"544",-78.517,52.233,8,-20.507512452619,13.841194133936
"545",-78.5167,52.25,6,-20.5143133174291,13.8457773795869
"546",-79,53.83,7,-22.8821972277651,12.3983854232871
"547",-79,53.8333,7,-22.8845986817786,12.3968821325183
"548",-77.7,53.633,191,-22.659908537456,13.9825111352064
"549",-77.7,53.6333,195,-22.6600272914651,13.9824504441417
"550",-77.7,53.6333,195,-22.5416449108308,14.306138500195
"551",-73.6833,53.75,306,-22.5169341686165,15.0379473833694
"552",-73.6833,53.75,306,-23.1614641286482,14.1451812164339
"553",-77.62,48.62,297,-17.2878615699349,15.5065835617082
"554",-79.2167,48.7833,244,-18.7342754375668,16.2224409927615
"555",-76.97,49.05,305,-17.9151244808062,17.0507848288027
"556",-76.9667,49.05,305,-17.9152366888731,17.0507322528639
"557",-77.8167,49.7667,281,-19.8857065130915,15.75777664181
"558",-77.817,49.767,281,-19.8858653780773,15.7576940407475
"559",-73.8833,50.4167,380,-20.3578919652139,15.9022093408615
"560",-73.88,50.42,380,-20.3597744404759,15.9012440075159
"561",-70.9,53.2,536,-23.0653141644728,13.633853142641
"562",-79.1333,48.9833,290,-19.1862023471679,15.6002433608611
"563",-78.28,48.8,305,-18.1080823460297,16.3878574560589
"564",-77.38,48.07,320,-17.7875297106426,16.9231246948702
"565",-113.583,51.933,940,-21.8376022081912,6.31608401270857
"566",-66.8,54.8,521,-23.1951241503468,12.7213039442409
"567",-66.8167,54.8,522,-23.1669567477504,12.6755448768058
"568",-66.8,54.8,517,-22.4073515741188,13.525757773888
"569",-65.75,47.6333,59,-11.5765334637917,18.6398617794067
"570",-65.8333,47.9,8,-11.033706668499,18.3806530192365
"571",-65.83,47.9,8,-11.0334959135182,18.3804455808939
"572",-66.67,48,8,-11.1328399668893,18.5438479165172
"573",-66.6667,48,8,-11.132537875223,18.5435531919116
"574",-66.6833,48,26,-11.040850709416,18.8025541162155
"575",-66.68,48,26,-11.0405618814434,18.8022948341177
"576",-67.47,45.88,174,-10.7823397092057,18.4398905419327
"577",-66.333,47.983,40,-11.8814720331518,18.1057437670989
"578",-66.34,47.99,42,-12.0291319766048,18.4007931776043
"579",-65.87,46.18,11,-8.93662773043521,18.8141753768893
"580",-65.8667,46.1833,11,-8.9394151940842,18.8126159105834
"581",-66.5333,45.8667,21,-9.92374272473521,18.7466424125133
"582",-66.533,45.867,20,-9.92376881522605,18.7466346893091
"583",-66.1167,46.8167,53,-11.2365468998443,19.2207415305829
"584",-66.12,46.82,53,-11.2385300438137,19.2202703904689
"585",-66.45,45.07,6,-6.19060586833867,15.2959461903088
"586",-64.3833,45.85,46,-7.55889496579315,17.5514309292648
"587",-64.38,45.85,46,-7.55851825199187,17.5511391643897
"588",-65.9,47.5833,183,-12.4898787268851,17.4538284817566
"589",-66.9,44.6,49,-3.9374852086733,14.0938615379416
"590",-68.3333,47.7833,412,-12.7981723256807,16.1684124655044
"591",-65.15,45.67,305,-9.49589615213015,16.8817354348379
"592",-65.8167,45.9167,15,-9.47912153004687,18.852621704703
"593",-65.82,45.92,15,-9.48268432635598,18.8515522650934
"594",-65.467,43.45,13,-1.82146861338982,14.1439507062242
"595",-65.4667,43.45,5,-1.92582900479342,18.165027466083
"596",-60.75,46.1,8,-4.78422491382214,17.9543803067523
"597",-60.75,46.1,17,-5.67285438249439,18.5225406223948
"598",-65.62,43.38,3,-1.3244905759806,11.4686483936327
"599",-62.6833,45.7667,2,-5.87277001211269,19.1569129719805
"600",-62.68,45.77,2,-5.87541830850164,19.1553698546726
"601",-65.7833,43.5833,3,-2.20491240292745,15.1111094321412
"602",-61.25,45.5167,15,-5.11011833400732,17.2275277339969
"603",-61.25,45.52,6,-5.11274376465272,17.2263288598015
"604",-60,45.9,46,-5.00659434261266,15.58560105657
"605",-62.4833,44.9833,40,-7.17659112668694,18.3369950690966
"606",-60.3333,46.3167,12,-4.72256224902282,18.6965607509941
"607",-60.33,46.32,12,-4.72485477120129,18.6949146201297
"608",-63.65,45.85,5,-6.98372536634871,19.7124176958274
"609",-65.35,43.78,15,-3.20039301077975,18.4984449166677
"610",-65.35,43.7833,15,-3.2006360413283,18.4982399648556
"611",-60.017,43.933,2,-0.0967692307692308,15.6213846153846
"612",-60.0167,43.9333,5,-0.0967692307692308,15.6213846153846
"613",-60.02,43.93,4,-0.63014304294123,15.8435838002308
"614",-60,43.9333,4,-0.420324845319141,15.7531941422531
"615",-60.15,47.2,32,-3.44656001799534,15.6155982549783
"616",-63.57,44.47,10,-4.23415892437469,15.0088446220364
"617",-65.25,43.7167,30,-3.78030472523764,17.096121867545
"618",-110.75,51.583,755,-4.36449863973576,17.2015704058011
"619",-63,45.2167,23,-6.68479627393579,17.821534420991
"620",-63,45.22,23,-6.68497606815387,17.8214959901092
"621",-64.667,43.983,9,-3.07479460621992,14.8674340220647
"622",-64.6667,43.9833,10,-3.07494268642873,14.8673495647519
"623",-61.1833,45.2167,14,-1.73066927447456,14.7017104904536
"624",-66.0833,43.8333,36,-2.90477605071577,16.4082597236071
"625",-66.0833,43.8333,43,-2.77907692307692,16.6059337840336
"626",-61.9833,46.4667,8,-5.33510108968382,18.1912514783954
"627",-62.8333,46.1333,41,-8.31489384234123,17.7844016532603
"628",-63.08,46.42,3,-6.95494443868184,19.2488369513628
"629",-64.1,53.55,440,-21.5568414672024,13.6570217871961
"630",-64.1,53.5667,440,-22.915782117028,12.8870609252207
"631",-64.1,53.55,440,-22.0263114311786,13.3091221874643
"632",-60.4167,53.3167,49,-17.0653846153846,15.5287692307692
"633",-60.417,53.317,46,-17.0653846153846,15.5287692307692
"634",-66.867,52.933,548,-21.935693310336,13.6962371597942
"635",-66.8667,52.9333,551,-21.9357047159725,13.6962282940992
"636",-114.47,29.52,823,11.882793616188,25.4637113128591
"637",-113.42,28,300,16.2360422687985,25.8476968560155
"638",-115.93,30.55,27,12.1938701684442,20.0073028614703
"639",-115.47,32.55,3,13.5466503782234,34.1992516999706
"640",-114.05,28.63,138,15.281892578665,22.3919827626937
"641",-114.98,29.98,580,12.6129296329628,26.8526354591479
"642",-116.37,31.55,28,12.3600548818502,24.3657764336844
"643",-116.633,31.85,8,13.1105219242112,20.4009028021143
"644",-111.333,26.017,7,18.1984891087351,31.607218045351
"645",-113.3,27.72,168,14.9831038067422,25.9212311771007
"646",-100.83,28.33,374,13.6182441611022,29.6398316543074
"647",-103.12,25.78,1105,12.3003779986341,26.8703650275543
"648",-101.47,25.37,1405,12.6301325076771,24.6844454456292
"649",-100.98,29.15,330,7.3219253920124,27.8827058159626
"650",-100.75,27.55,240,12.1263035652648,29.7675962628259
"651",-102.07,26.98,737,11.9082577023439,28.045728370124
"652",-101.433,26.883,615,13.7840579384817,29.5821684106524
"653",-101.017,25.367,1790,10.930123905382,21.5342545238063
"654",-101.55,27.07,496,13.6498728057354,30.2518120646043
"655",-107.25,28.8,2020,6.34281895425091,19.3674484607713
"656",-108.52,28.52,2010,6.18582407973073,20.6245975961184
"657",-104.93,27.13,1377,11.750788427833,27.7223949551834
"658",-104.42,29.57,841,11.0936266061272,31.7910575506137
"659",-107.63,27.75,2300,3.78017064906576,17.2112433772158
"660",-105.43,28.2,5,10.8265848964961,26.8960863727185
"661",-107.63,30.12,1431,5.17905507294098,22.6342385196489
"662",-107.7,26.82,1320,3.90537127796381,16.1553261847612
"663",-105.4,27.55,1317,10.5090849079845,25.8714927246027
"664",-108.1,29.2,2092,2.28685824266626,17.5771893682898
"665",-107.817,28.95,1932,5.95144559316064,21.3260522703066
"666",-107.75,27.02,501,18.8116424153272,30.0023969652922
"667",-103.517,25.533,1140,13.921855820601,27.320681725056
"668",-105.97,25.93,2230,9.20444314568198,19.689604784923
"669",-104.3,25.52,1600,10.942216594961,22.5431794866381
"670",-99.18,25.8,5,12.8609260182688,29.3683265617434
"671",-99.83,25.2,309,15.4950311022279,30.3769395416855
"672",-100.12,27.45,226,11.9178661622316,29.9049314117736
"673",-108.48,26.35,152,17.4245208691366,30.1168056152573
"674",-108.02,25.9,200,18.2240146402779,29.4684130827258
"675",-107.92,25.48,5,18.0745131941106,29.8433030096276
"676",-109.63,28.97,192,16.5737554434249,30.8893542125693
"677",-109.02,27.05,520,17.1788018661384,28.5659074702839
"678",-111.02,30.05,657,12.5072272575048,29.5897734268973
"679",-109.25,27.52,251,15.9844027317696,30.7116308479775
"680",-109.23,29.05,460,13.0622033304766,30.5780377298855
"681",-109.57,28.58,217,17.2157193512188,31.4790607899643
"682",-109.2,27.2,85,19.0311564366767,31.9847845114056
"683",-111.95,28.82,5,12.3825414744589,27.5829147358989
"684",-109.25,27.52,5,16.5665043563311,29.9735196973738
"685",-100.3,25.733,515,15.0689402445639,28.9830734107993
"686",-113.55,31.3,62,13.9081456441588,31.4311492125627
"687",-109.6833,30.3667,1099.7,10.8458955652742,27.0084171391246
"688",-111.048,29.096,191.1,16.3937513357866,33.5303662215106
"689",-106.0833,28.6333,1428,10.2461495131032,25.8976904186969
"690",-110.767,27.95,12,16.999252441881,31.0901069093779
"691",-105.667,26.933,1661,11.5808048597701,24.835865154334
"692",-103.411,25.568,1124.1,15.3886127043159,28.5250790055332
"693",-107.8167,28.95,1931.8,26.9022306780572,26.2590868631693
"694",-87.1783,34.2108,239.6,3.63985467038896,25.3330040335689
"695",-86.1667,34.2333,348.1,4.14018296277152,25.4294565941045
"696",-85.9556,32.935,201.2,6.50051907779908,26.6532324605013
"697",-88.155,33.1272,59.4,6.35492146491541,27.2109921085967
"698",-86.5225,31.3072,76.2,8.41086878360177,26.8474331534157
"699",-87.4389,31.1819,91.4,9.12439410243738,27.1028640927057
"700",-87.8794,32.5194,30.5,7.22123657272388,27.1101651785178
"701",-85.15,31.8667,61.6,8.357398120029,27.3719712267742
"702",-88.1897,32.5811,39,7.39591015652898,27.099481371511
"703",-88.0333,30.6833,3,9.32159996794022,27.5255101684467
"704",-87.8475,33.9111,142.6,4.28590244541952,25.6135072339886
"705",-113.1875,33.9433,659.9,9.10953838292573,30.0301027966275
"706",-113.4667,34.25,451.1,8.99937597660113,32.606043021844
"707",-113.5778,34.2281,393.2,10.325761092879,33.7349664967955
"708",-109.1469,33.8492,2453.6,-2.078026242216,16.2509460596563
"709",-113.9425,36.8969,571.5,8.23126382106004,32.3648834662616
"710",-110.5411,36.6778,2220.8,-1.63973141924448,21.9484230769231
"711",-114.5686,35.1411,161.8,11.9671924188615,35.2839483205376
"712",-111.4,35.8833,1269.5,2.16779310920647,27.8070648574725
"713",-110.9153,34.54,2135.4,-0.670405590272593,20.3010729752631
"714",-109.5394,31.345,1231.4,8.46651803255951,27.2421646127772
"715",-109.5833,31.35,1211,8.02572608330389,27.2296297118889
"716",-111.5186,32.7819,470.9,10.7353438950807,31.7583836785751
"717",-110.9978,31.8931,883.9,10.4737538120243,29.6649680029757
"718",-109.4519,34.0219,2522.2,-2.48449429710542,16.3032487415272
"719",-109.75,33.9833,2493.3,-4.12555072803723,15.124969769435
"720",-111.5978,31.9603,2069.6,5.26051735564227,21.3355247995763
"721",-110.9667,35.2833,1434.1,-0.849966215982611,24.4443177766901
"722",-114.0681,36.0183,895.5,5.66200263707912,31.6791494165334
"723",-111.4483,36.9208,1301.5,1.81300803142517,28.4288343053674
"724",-114.2897,34.1547,128,12.1046807015509,34.5600520889696
"725",-109.2056,31.8833,1642.9,3.63451049596619,21.9092685050091
"726",-111.1089,33.6489,794,7.06734551308725,29.2518311530516
"727",-109.7167,32.8333,885.1,7.91241378813039,29.3618535481281
"728",-113.9192,32.7225,98.8,12.0662095381559,33.7844752807759
"729",-109.09,36.9233,1612.4,-0.811544767424355,26.2909918682681
"730",-110.9442,32.2817,710.2,10.4659016393443,30.3831308598746
"731",-111.3719,35.5197,1496,2.01652338451624,26.6947640194195
"732",-111.3703,35.5247,1496,2.01612924581447,26.6946764223634
"733",-112.3006,33.5944,345.9,11.3879060548402,33.0711876265272
"734",-91.0583,35.9289,76.8,1.9174282084398,26.7416014390159
"735",-93.0589,34.1433,59.7,4.62583866130049,26.6637367023592
"736",-94.0994,33.6194,97.5,5.98936878243457,28.1030558950323
"737",-91.7944,35.8306,174,1.79887068792858,25.6263684825897
"738",-94.215,36.3219,371.9,1.45169001551903,25.1687804059185
"739",-89.9044,35.9239,76.8,3.09767146007545,27.2606007024327
"740",-92.1642,36.1092,109.4,2.15352020043023,25.6662152605244
"741",-92.4867,33.3053,29,5.5464907050947,27.2413365613482
"742",-92.8236,33.59,35.4,5.94599203975607,27.3823164689607
"743",-94.3,35.3,128,3.29436024724746,28.2299780391366
"744",-90.5917,36.4083,75,2.36515926739346,27.1930830024173
"745",-93.2044,35.8272,723.9,0.469412030226776,23.8030731917568
"746",-93.5206,36.0086,653.8,-0.618974326066264,23.6979608006002
"747",-92.9158,36.4194,253,1.31703036406818,25.9271103880438
"748",-92.7672,35.1581,103.6,3.90191608476301,27.3169665841422
"749",-91.8333,33.9333,76.2,4.13738892013445,26.6826393330889
"750",-120.9444,41.1933,1280.8,0.473827334572351,19.7957851635422
"751",-121.7667,38.0167,8.5,7.8688227806576,22.7452512387029
"752",-118.8253,36.4914,520.6,7.87611538461538,27.4045
"753",-121.0839,38.9072,393.8,7.9052801988793,25.3201489257385
"754",-118.1833,34.95,808,6.89208581058905,28.7782351823777
"755",-123.2078,40.7406,381.9,5.0698802587687,23.4532888183388
"756",-116.9039,34.2442,2060.4,0.526873583013219,17.5985873935683
"757",-119.0142,38.2119,2551.2,-6.27935593080357,12.2348627771509
"758",-119.47,35.4028,68.6,7.75464412386278,27.569672578827
"759",-119.4731,35.4047,82,7.75461021759376,27.5695193749712
"760",-120.05,37.4,435.9,6.63281205814401,25.2379140914451
"761",-117.55,33.8833,185.9,11.4282918213049,23.7309688917192
"762",-123.2444,39.8158,430.7,4.77580838513315,21.8711762202662
"763",-116.8833,36.5333,-46,11.8170012675551,39.4551260853027
"764",-122.2167,38.0333,3,8.61295185915892,20.4427562910783
"765",-116.8672,36.4625,-59.1,12.1573544741937,39.3259844512876
"766",-120.1,37.75,915,3.40167576628726,19.477746136693
"767",-120.1561,36.3642,86.9,7.53384775916322,26.228491428911
"768",-120.3167,40.3667,1220.1,-0.999366598462447,20.5388834569306
"769",-123.7567,39.5092,37.5,7.2488846312391,12.545
"770",-123.7564,39.51,37.5,7.2488843192879,12.545
"771",-122.4433,37.4725,8.2,9.45059118968025,13.6456372768455
"772",-123.3747,41.7961,348.1,3.66068922858277,22.186152225908
"773",-122.6333,42,885.1,1.00739162189014,20.7370145190625
"774",-116.2153,33.7086,-6.4,13.5013933621279,33.6612239717617
"775",-116.0731,33.5697,-55.8,12.4909676347774,32.7877101005404
"776",-116.4194,32.8672,1804.4,3.98546783687775,20.5677786948077
"777",-120.6831,35.1597,11.9,11.2856784478741,15.5963558687003
"778",-121.2833,35.6667,18,11.5752974294153,13.9972789599825
"779",-117.3614,33.9669,300.5,12.6560878952687,25.5072459868929
"780",-120.2406,39.4317,1931.5,-3.95302613288612,13.9716687983756
"781",-118.2667,33.7167,3,13.0144983481374,19.8681061187187
"782",-119.6844,34.4167,1.5,12.778026492407,19.528611799172
"783",-120.4333,34.95,67.1,10.4241831752215,17.0897559641081
"784",-120.3833,39.3167,2058.9,-4.6224265669365,14.0608487270448
"785",-117.19,33.7156,432.8,10.1654514068225,25.6900051891949
"786",-121.3467,37.6819,41.1,7.81576319818966,23.9924224779061
"787",-118.2333,37.5833,3800.9,-8.9051360370232,7.27116646339559
"788",-122.15,39.15,25.9,7.74287348213289,26.0956798012215
"789",-103.1417,40.155,1383.8,-2.73574224469752,23.2455052585769
"790",-105.8614,37.4417,2296.1,-9.64860122253167,18.0111502618603
"791",-105.5019,40.1881,2503.9,-4.30335005524447,15.5742569329702
"792",-108.3808,39.4992,1718.2,-5.31453937429174,20.7995525254539
"793",-105.8914,38.9931,2724.6,-9.64315923605798,14.3849545454545
"794",-102.1675,39.0372,1262.5,-1.9528557856831,23.0873393779006
"795",-103.8833,37.0167,1914.1,0.220972236364617,22.4883900485154
"796",-108.9172,40.8008,1631.9,-6.67463775621365,18.5543435223221
"797",-106.1444,37.7067,2338.7,-8.73708501385401,17.2038104882777
"798",-106.9319,37.8256,2628.6,-14.0877301792416,14.4521340170003
"799",-105.0086,39.7294,1592.6,1.22260821327236,24.4602290703988
"800",-102.0667,37.0333,1090,-0.00732108743273021,26.2610763814684
"801",-105.0858,40.5764,1525.2,-1.94474516181514,22.0087307692308
"802",-105.0236,40.5756,1499.6,-2.39323533452865,22.1876650584947
"803",-108.5247,39.1197,1471,-2.94073114948788,26.1705267209248
"804",-107.2547,40.4925,1971.1,-7.87044557221926,19.4515681781164
"805",-107.2547,40.4928,1971.1,-7.87047403303629,19.4515555483869
"806",-102.1236,38.0494,1033.3,-1.84600867475527,25.2956533366644
"807",-104.9833,38.8167,3128.8,-5.86776388232688,12.7483497110927
"808",-105.0167,39.6167,1618.5,-0.889112821682235,22.3116681352271
"809",-105.0656,39.6211,1709.9,-0.389652574506381,22.619338918605
"810",-105.0647,39.6364,1682.5,-0.392112472801527,22.6223424484918
"811",-104.9742,38.8417,2758.4,-5.92940775783683,13.5143167671504
"812",-104.9742,38.8417,2761.5,-5.92940775783683,13.5143167671504
"813",-106.6086,38.8183,2797.8,-13.3163461538462,13.3866538461538
"814",-106.2039,40.0375,2322,-11.2824578410845,15.7387192814815
"815",-103.5678,40.075,1333.2,-5.85068975205324,22.6665708675874
"816",-103.5678,40.075,1335,-5.85068975205324,22.6665708675874
"817",-72.9644,41.9211,214.9,-5.06790717553597,23.0075289291073
"818",-71.9167,41.9167,91.4,-4.581945087582,21.0406584109732
"819",-71.9031,41.9442,112.8,-4.3386485829899,21.2009063159842
"820",-81.55,29.05,21,13.0463197908084,26.7498072179294
"821",-85.0206,29.7258,6.1,11.2077583050165,27.1322551850894
"822",-81.5267,27.5947,46.9,15.7880921438184,27.2468922123308
"823",-82.9178,29.7956,9.1,10.2216361130951,26.6821426127048
"824",-82.9178,29.7956,9.8,10.2216361130951,26.6821426127048
"825",-80.9958,26.3283,4.6,16.9560259703578,27.9712328172024
"826",-82.0894,28.6664,22.9,13.7155022729727,26.5295590095719
"827",-82.0894,28.6664,24.4,13.7155022729727,26.5295590095719
"828",-80.1567,25.6719,1.8,20.1517721022705,28.3882478586145
"829",-82.1833,26.5333,0,16.7318624415985,27.9398279903615
"830",-84.6667,29.8667,3,10.6757430748545,26.9931671563601
"831",-80.2833,25.65,3,17.7347136507246,27.4284912956602
"832",-81.3897,25.8489,1.5,18.7420302670701,28.2180313354722
"833",-81.5389,29.755,1.5,12.8073121860054,27.1517866695708
"834",-80.65,27.6833,6.1,15.1950992212618,26.9317401598946
"835",-82.1392,27.5728,34.1,14.6368037592084,26.7309568638803
"836",-82.1856,30.2717,39,11.6467412234159,27.3290924915739
"837",-81.3333,27.8,30.5,15.1421808725643,26.9724876516078
"838",-80.3492,25.1936,1.8,21.1350821536019,28.4666887516861
"839",-80.3492,25.1936,3,21.1350821536019,28.4666887516861
"840",-81.7139,25.9492,3,18.3125122384908,27.9894867733699
"841",-80.6539,28.1136,10.7,15.9752272919374,27.1744557263747
"842",-80.95,29.05,3,13.4516801550005,26.8971973722635
"843",-81.0331,25.8603,2.4,18.6081318979061,28.616902270091
"844",-81.2061,29.6347,1.5,13.3945358190649,27.1264465990197
"845",-85.6606,30.2492,1.5,11.6609466713556,27.9510241261987
"846",-80.915,29.0661,2.4,14.5527014540601,26.7791559168221
"847",-84.1667,30.1,3,10.5584385380495,27.2866700257315
"848",-81.2778,28.8147,3.7,15.4776009120201,28.0300568176868
"849",-80.35,25.7,24.1,18.0068280653139,27.1134227007228
"850",-80.8242,25.7608,4.6,19.0692750232935,28.290572575964
"851",-81.7994,27.5478,18.3,15.9372640809245,27.5925547857262
"852",-82.5667,32.1833,71.6,8.73373422920071,27.4142187704676
"853",-83.5161,34.4417,279.8,4.52229521999786,24.7322503948537
"854",-83.9408,31.8453,74.7,8.02637881220079,27.3945873545884
"855",-85.0375,31.8967,149.4,7.39747301941443,25.0932175355134
"856",-81.8333,31.65,24.4,10.6779658974937,28.4459828152241
"857",-83.2392,31.2644,77.7,9.14056423447489,26.3902775768108
"858",-84.2653,32.8669,189,6.82744214108067,26.2200652749054
"859",-83.2886,33.9669,271.3,4.83265984983672,25.4019562971377
"860",-112.8253,42.9536,1342.6,-5.3207420916904,20.0916923076923
"861",-115.4522,43.3572,1183.2,-1.5499178119005,23.7818999761116
"862",-111.2739,44.0425,1588.6,-7.16792078336695,18.3135145795317
"863",-115.8,47.25,759,-3.43988756294024,18.9939160861761
"864",-115.3167,45.1333,1731.9,-7.3922030363115,14.2943300223676
"865",-116.6753,44.5733,807.7,-5.39984268685865,22.5439674833726
"866",-116.3217,46.5022,303.3,0.131202205921018,21.9533076923077
"867",-114.75,43.3167,1530.1,-9.49002241188178,17.6686447183908
"868",-116.9211,43.6058,679.7,-2.76352675534565,23.2752634914103
"869",-115.9336,46.0714,710.2,-0.906805409263647,19.9217208399953
"870",-117.0167,46.4167,225.9,-0.358139489253728,22.6325032380673
"871",-114.8333,45.9167,865.6,-3.03949937365117,18.7386366400341
"872",-113.7242,42.6028,1265.5,-3.42928523457335,20.5277974051818
"873",-113.9008,45.1875,1198.2,-7.239,19.7677692307692
"874",-114.9342,44.2206,1908,-11.194764120031,13.6235384141261
"875",-88.0569,38.3778,161.5,-0.887559988868457,25.4670528478758
"876",-90.7478,41.1961,219.5,-5.96375387328148,23.4561887459829
"877",-90.1461,38.8661,132.6,-1.16281673177331,25.9171649287405
"878",-89.2344,37.4814,195.1,-1.29547690836381,24.1251984126984
"879",-89.7597,39.9467,179.8,-3.99592690817731,23.1101884532519
"880",-88.3092,41.7803,205.7,-5.4157174689936,23.5151153846154
"881",-90.1942,38.5669,121.9,-1.14404993658728,25.6162535153714
"882",-88.1805,38.0733,102.1,-0.891175437449169,24.6646498195681
"883",-90.2269,42.3161,205.7,-7.70338194516113,22.1450012375056
"884",-89.6167,42.3,238,-7.73447278710762,22.4464036639064
"885",-87.9989,38.2758,132.6,-0.162060598449137,25.2456042990333
"886",-90.0656,40.3031,134.1,-4.06722148145298,24.7961831795168
"887",-89.4153,41.0186,139.6,-5.00440139958947,23.7849785205749
"888",-89.4061,41.0411,140.2,-5.00881084464464,23.7820920475588
"889",-88.8981,37.7747,145.4,-1.30828541493927,24.1533073444127
"890",-90.8236,39.8058,198.1,-3.76126737104522,23.8831592301305
"891",-89.1667,41.95,238,-8.10118945343564,21.8871183742177
"892",-89.7167,38.1167,163.1,-0.983065075456991,25.1929403295172
"893",-89.6,39.7667,174,-4.22989319402856,24.8968781366712
"894",-85.3333,41.4,299.6,-5.66435112459672,22.0171247716205
"895",-86.5,38.85,203.9,-1.2316829250434,24.4928443899681
"896",-85.1833,39.8667,304.8,-3.98690413412016,21.8575900956456
"897",-86.6661,40.615,169.5,-4.18828999107145,22.9166207694895
"898",-86,38,131.1,-0.0151804973505557,24.0468671678628
"899",-87.0881,41.6317,207.3,-4.78988469524705,22.2856136491173
"900",-86.8833,40.4,159.1,-4.25381476051455,23.660009316367
"901",-86.05,39.9667,225.6,-5.16169555178611,23.2219813475814
"902",-86.7747,37.9531,118.9,0.734230769230769,25.1503461538462
"903",-84.8483,41.1644,216.4,-6.49901867252617,22.0364915536057
"904",-94.2222,43.0664,370,-9.69416599108954,22.492619062508
"905",-93.3703,40.7039,332.2,-5.42703908120231,23.4224682029945
"906",-94.9222,41.7069,390.1,-8.00363296999235,22.553207919776
"907",-90.4233,42.2614,183.8,-6.90080769230769,23.0234230769231
"908",-91.1164,40.7747,210.3,-5.6551260511147,23.7888272020853
"909",-91.1164,40.7747,210.9,-5.6551260511147,23.7888272020853
"910",-93.3189,42.0169,304.8,-7.77205440633406,22.9541772098773
"911",-93.6056,41.5783,248.4,-6.07068101367903,25.0475608137452
"912",-96.485,43.0031,362.7,-8.92430769230769,23.0731538461538
"913",-96.0506,41.8264,312.4,-8.1097459568855,23.2182291295812
"914",-90.93,41.8564,217.9,-9.09948468536841,22.5699387996542
"915",-90.9222,41.8606,224.9,-9.2233980760508,22.6469293363229
"916",-95.8811,41.5736,365.8,-6.30160996749476,25.7342134304032
"917",-93.2253,43.4386,362.7,-11.0608400799622,21.2374355851833
"918",-96.1258,42.0697,323.1,-7.24516172269574,23.9685066855929
"919",-92.3667,43.3667,390.1,-11.1808227519844,20.5271543590106
"920",-97.2128,38.9267,356.6,-1.32676577891494,27.6261450863102
"921",-98.9667,37.0667,479.1,-1.27570955766443,27.0052848716604
"922",-98.9703,39.4483,521.2,-3.30966455506495,25.5843360721949
"923",-98.9714,39.4767,513.6,-3.04691666666667,25.9721226046913
"924",-99.7633,37.1942,600.5,-0.0286537737718848,26.8909135153831
"925",-95.1108,39.5756,288,-2.79531183957529,25.7980416666667
"926",-101.0422,39.7994,881.8,-2.09054724032031,25.1820699388323
"927",-96.1833,39.8311,395,-5.11409379511247,24.4214715342087
"928",-96.3503,39.7756,385.3,-5.43540496792507,24.4870734234567
"929",-100.8122,37.9931,874.2,-1.1817104183084,25.6021421344365
"930",-100.8122,37.9931,880.9,-1.1817104183084,25.6021421344365
"931",-95.3539,39.8122,318.5,-5.39639667610058,23.8527004976168
"932",-95.5319,39.8356,323.4,-5.36102550388262,23.7749737849697
"933",-96.23,37.4581,310.3,-1.10384085549942,25.6911932514378
"934",-95.4242,37.9233,290.8,-1.58574561403509,25.5920175438596
"935",-96.8333,39.05,317,-2.05824686752416,26.7996404319505
"936",-99.1228,39.6619,517.2,-3.03689472915468,25.6233848918585
"937",-96.5814,39.1972,323.1,-2.21573076923077,26.4632307692308
"938",-101.8067,39.7675,1016.8,-1.66855987870305,24.4661153846154
"939",-101.8067,39.7675,1024.7,-1.66855987870305,24.4661153846154
"940",-101.7514,38.8961,1051.6,-1.35249515139574,25.2451460585742
"941",-95.9333,37.7417,289.6,-0.909413489131195,26.0706955495109
"942",-101.7758,38.4661,1108.3,-2.35888461538462,24.0530384615385
"943",-101.7731,38.4661,1107.6,-2.35888461538462,24.0530384615385
"944",-96.5994,39.2475,322.5,-2.88460658953225,25.6382073380079
"945",-82.6131,38.4536,170.7,-0.454288650541651,23.3603650215123
"946",-83.8819,36.8825,301.8,1.86272961303259,24.1795696429816
"947",-86.2325,37.7933,186.2,-2.02088735057915,22.9213069289457
"948",-84.0347,37.83,219.5,-1.12174971546655,22.9596987874792
"949",-85.7667,38.2333,140.8,-0.281422060119953,25.1534201207029
"950",-83.7872,38.6869,157,-0.307681700923723,23.8330119376135
"951",-82.7883,37.8175,192,0.740335345519364,23.937821833295
"952",-82.5167,37.4833,209.1,3.11966274138049,25.4303827186905
"953",-92.4611,31.3206,26.5,9.01492307692308,27.8445769230769
"954",-93.2,31.0667,107,9.94374744706122,27.4922016188054
"955",-92.85,29.8667,3,9.04257972492362,26.4196110444671
"956",-89.8333,29.5833,1.2,10.5118357240851,27.2475806028326
"957",-89.9914,29.2414,0.6,13.3098566005309,28.7138496564974
"958",-93.4022,29.8894,1.8,11.1051399067168,28.3431448707218
"959",-92.0669,32.5342,21.3,6.65004475665671,27.6755519322416
"960",-93.0956,31.7722,39.6,9.73079305159316,29.0699873437899
"961",-93.0856,31.8142,43,7.05346085392068,28.0414867800275
"962",-90.4286,29.7892,1.5,10.6790261400144,27.192868272644
"963",-89.83,29.8722,1.5,11.1008130252198,27.6824503722088
"964",-91.2336,31.9497,23.8,8.57653057038568,27.991855000303
"965",-90.7747,29.7547,4.6,11.757265625,27.6373490702307
"966",-93.5,32.1667,44,6.46358112931317,27.596664719533
"967",-69.5333,46.6167,304.8,-13.189554870207,18.0211918190246
"968",-70.7539,43.8786,160.9,-8.50092561959544,19.3157206692928
"969",-68.5083,45.3753,57.9,-12.4116111514178,20.0706129614228
"970",-69.8889,44.7975,67.1,-8.80234615384615,19.4950325931715
"971",-69.8878,44.7983,79.2,-8.80234615384615,19.4950125810151
"972",-68.705,45.6503,109.7,-9.87579166666667,19.62225
"973",-69.2167,43.9919,6.4,-4.70427599851409,17.6099998533784
"974",-70.25,43.65,3,-6.11099876475305,20.389143409018
"975",-69.1167,44.1,11.9,-5.29681892516991,19.1172786679944
"976",-79.25,39.6167,823.9,-4.67725791618017,19.0183096088647
"977",-77.65,39.5167,225.9,-0.93016818321021,23.3512166631438
"978",-73.1,42.65,228.9,-6.30076536046965,20.1483111832309
"979",-69.9589,41.6569,12.2,-0.549727672909645,20.1195583720285
"980",-70.9,42.4667,6.1,-3.18631992444496,21.6846288134081
"981",-84.6492,43.3864,224,-5.85859473984008,21.3410260339905
"982",-88.4544,46.2347,448.1,-11.3358534617967,18.470928264364
"983",-84.1625,44.9933,272.8,-8.28414609152441,19.2438294359569
"984",-88.4833,46.7833,195.1,-10.596598713082,19.0882208991013
"985",-83.8706,41.8242,210.3,-6.26773520046106,21.6614010647337
"986",-87.9858,46.5192,487.4,-13.2090432165562,16.5285783799756
"987",-86.9333,46.35,268.2,-9.30539451631691,18.4812395521299
"988",-84.4725,45.6522,177.4,-7.63513149974296,19.3098461538462
"989",-84.9925,41.9622,299.9,-5.61915384615385,21.2171538461538
"990",-84.2333,46.3167,182.9,-10.4218696394631,17.4778983952126
"991",-85.2667,43.9167,312.4,-7.65919201896599,19.7072813268033
"992",-86.5486,45.8983,178.9,-9.93534696592511,18.8099533123184
"993",-83.2808,44.6819,178.3,-6.97498579684019,19.0774201533747
"994",-88.0842,45.7858,326.4,-10.4320384615385,19.7431153846154
"995",-86.3942,43.9067,210.3,-5.87025710651713,19.587839492516
"996",-86.2514,45.9511,182.9,-9.12551096166716,17.1585216791769
"997",-85.5161,44.9214,199.9,-5.4914242398345,19.8257183655727
"998",-83.9667,43.45,182.9,-5.94341559329503,22.2422308470361
"999",-83.9561,43.4122,182.9,-6.05229306326016,21.9577668719529
"1000",-84.1667,43.3,182.9,-6.38165146460458,20.8364830508475
"1001",-86.2825,42.4014,179.8,-3.93703865433456,21.5004621748193
"1002",-83.35,42.2667,192,-4.28141125013052,23.0474966791474
"1003",-84.9858,46.7475,189.6,-9.57164878203176,15.5068934659138
"1004",-96.5161,47.2992,276.5,-15.3560281046147,20.4833368658535
"1005",-93.6675,46.5258,370.3,-12.748407868181,19.8981895064484
"1006",-93.2928,45.2533,274,-12.8195573366991,21.4079443467449
"1007",-96.1542,45.3783,333.1,-12.5093873444008,21.8761049114835
"1008",-91.9533,47.7122,451.4,-16.6238766859267,18.5614148607697
"1009",-93.55,47.7,430.1,-16.8846387519253,19.5375219849368
"1010",-96.8283,45.5958,298.1,-11.6166477016614,22.0330013489835
"1011",-92.64,44.0908,317.3,-10.9609818385754,20.9993553512344
"1012",-92.4667,48.2667,342,-16.4723076723465,19.2554021981064
"1013",-89.6908,47.9711,222.5,-12.6686193199624,16.796349576229
"1014",-94.3608,46.4119,370.3,-14.0309171438317,20.5309273585467
"1015",-92.6444,48.5011,342,-16.0757779493157,18.713989707496
"1016",-94.8892,45.9647,408.4,-13.7706645910825,20.6213151769621
"1017",-95.7908,44.4706,351.1,-10.296252596373,22.759478006042
"1018",-95.7903,44.4717,350.2,-10.2962731646075,22.7594416079458
"1019",-95.5464,46.4314,298.7,-14.1140072930832,21.1690169307317
"1020",-95.0167,47.8761,370.6,-14.8437408469921,19.9850172486181
"1021",-95.0161,47.8769,371.9,-14.845307384673,19.9846809262967
"1022",-92.6097,44.6097,208.2,-10.2480273063998,22.5544510641363
"1023",-92.61,44.6103,206.3,-10.2482574417899,22.5543463550597
"1024",-94.6122,43.9903,326.1,-10.5446231716168,22.0344980874383
"1025",-94.6122,43.9903,335.3,-10.5446231716168,22.0344980874383
"1026",-95.8833,43.9,481.9,-12.2206816101722,21.5606855505409
"1027",-95.3303,48.8947,327.1,-16.934962998831,19.2184227842767
"1028",-95.33,48.8947,327.1,-16.9349647113492,19.2184196355701
"1029",-96.5653,45.8622,311.8,-13.5393087607723,21.1326006884268
"1030",-91.6364,44.0422,198.7,-8.97770975234243,23.1617101870924
"1031",-90.65,31.75,156.1,8.60713358588816,26.614240283071
"1032",-89.9806,34.3061,67.1,5.50518310115011,27.2435738168711
"1033",-89.3158,33.8586,77.7,5.63250113636832,27.2238359571749
"1034",-89.3136,33.8592,87.5,5.63244857647437,27.2238026360796
"1035",-90.2908,34.2044,47.2,3.36913635967538,27.0484027193328
"1036",-90.0517,33.1228,86.9,5.80699890027191,26.3104824561404
"1037",-89.3831,30.2947,2.4,10.367354808166,27.8354567144557
"1038",-90.3817,32.9028,32.6,8.21957291090384,28.7063846153846
"1039",-91.5158,40.1433,149.4,-4.19984615384615,24.5519615384615
"1040",-91.5158,40.1439,149.4,-4.19984615384615,24.5519615384615
"1041",-93.8019,37.7947,252.1,-0.531896197606054,25.8801869013701
"1042",-89.7,36.1261,80.8,3.02801380417156,27.2193846934452
"1043",-90.3833,38.2333,128,-0.395099276884089,26.6417554782103
"1044",-90.3981,38.2325,182.9,-0.424156647682568,25.4968431169679
"1045",-92.6233,38.2042,179.8,0.166820655844366,25.8721074607682
"1046",-92.6208,38.2044,180.4,0.166813259890683,25.8720958167369
"1047",-92.4667,39.7167,262.1,-4.72445496829765,25.2242135630486
"1048",-93.4194,38.9664,205.7,-2.51496059011676,25.3032446355335
"1049",-93.3989,38.2581,192.6,-0.469601787067846,26.1470362169
"1050",-104.2647,45.2089,1009.5,-8.93677089171547,20.6875191608511
"1051",-112.9569,46.1314,1609.3,-5.33899193548387,17.9186203041406
"1052",-112.3969,47.4925,1240.5,-6.48523657491355,17.4427569028036
"1053",-112.3964,47.4931,1240.5,-6.48530674175334,17.4427517321463
"1054",-104.275,46.3647,894,-9.87193450148622,21.7655022121389
"1055",-108.1439,45.9497,914.4,-6.1948909362877,21.8854402842288
"1056",-109.3719,46.3108,1136.9,-5.880875,19.3532083333333
"1057",-105.4855,45.0403,1096.4,-6.18169876860202,22.2100154172512
"1058",-104.895,47.4694,814.7,-11.1495212429901,19.9377346091321
"1059",-111.1547,45.6728,1455.4,-5.93983910625202,18.3533233186013
"1060",-111.155,45.675,1455.4,-5.9401033957391,18.3531640297997
"1061",-106.2314,45.8161,844.3,-6.8695885025326,22.1127804226748
"1062",-105.83,47.2875,801.6,-9.93261245543172,21.009043800424
"1063",-109.2267,48.5883,737.6,-10.2055982178042,20.2710938320457
"1064",-109.2256,48.5883,737.6,-10.2056509263247,20.2710925935277
"1065",-108.7964,48.5353,722.7,-11.0691924693038,20.5659934612705
"1066",-111.3392,44.8667,1977.8,-12.1406932589146,15.4668892992678
"1067",-107.2306,46.2897,813.5,-6.86737602370063,21.9272245143444
"1068",-107.2278,46.2942,810.8,-6.86719112307572,21.9279023889445
"1069",-110.7,46.8333,2226.9,-10.4484323954088,13.3814654999658
"1070",-107.7286,48.3939,680,-11.0201017405611,21.1498619224485
"1071",-107.95,47.25,708.1,-9.54224191957807,21.4571136962877
"1072",-104.1333,48.0333,580,-13.7198993018407,20.6722458607685
"1073",-106.3153,48.6956,894.9,-15.3384865193809,16.8967188025626
"1074",-104.9428,48.8197,641.9,-13.6234028983594,19.4397601668776
"1075",-105.0667,47.6333,762.9,-12.2292791739658,21.0926810151952
"1076",-108.7,47.6167,705,-8.88052807636402,21.8848840375988
"1077",-110.5969,48.8539,914.4,-8.85116072985572,19.3191057130533
"1078",-110.5961,48.8542,914.4,-8.85183618280651,19.3189859111
"1079",-109.2561,46.2986,1112.5,-5.34507958812733,20.2410987309414
"1080",-104.3378,47.4536,602,-10.5744870384471,21.8383846153846
"1081",-104.3378,47.4536,602.9,-10.5744870384471,21.8383846153846
"1082",-114.0911,46.5136,1028.7,-4.4304865127607,18.8769569121737
"1083",-113.8394,47.9203,944.9,-4.41702301667264,17.5824886127797
"1084",-105.3022,46.7939,685.2,-9.01232120017198,22.2767029630373
"1085",-105.4953,47.07,957.7,-10.3291612936556,19.6469867520064
"1086",-111.5378,46.3308,1170.4,-5.69349080619755,19.2052508727475
"1087",-105.6483,48.1,637,-12.015716543084,22.0858175579199
"1088",-107.4061,45.1217,1136.9,-6.73004166666667,20.0400457060247
"1089",-103.7347,42.4244,1423.4,-5.81962075490264,20.8638793767802
"1090",-99.8517,42.5467,767.5,-5.81610325762779,22.9425384615385
"1091",-99.3667,40.1,609.9,-3.88810765762187,26.3300215948618
"1092",-96.3811,41.0408,340.8,-5.36847038412462,24.8928793218077
"1093",-96.3775,41.0408,326.1,-5.3685138423615,24.8928640941264
"1094",-101.5386,40.0525,922,-2.559,24.5775384615385
"1095",-101.5436,40.0644,939.1,-2.559,24.5775384615385
"1096",-102.0711,41.0653,1029.9,-3.17244108000313,23.5370406504275
"1097",-99.1433,41.7769,663.2,-6.34699332930746,23.1840730645378
"1098",-103.8769,41.0103,1575.8,-4.82269017155894,20.2885543988904
"1099",-103.8769,41.0103,1589.2,-4.82269017155894,20.2885543988904
"1100",-101.9408,40.0136,998.2,-2.23074394320309,24.5605658705912
"1101",-99.2133,40.0892,609.6,-3.41253629330888,25.35671965673
"1102",-98.4583,42.8294,423.7,-6.75508272990672,23.8936836979782
"1103",-98.4711,42.83,430.1,-6.76411512325726,23.8888948542397
"1104",-98.7747,41.4933,597.4,-6.75073113852388,22.495625
"1105",-98.7742,41.4958,599.5,-6.75078371912257,22.495625
"1106",-96.2328,41.7767,347.5,-6.54235884996463,23.8320600893897
"1107",-100.9583,41.5522,989.7,-4.52982264478325,22.6787250435406
"1108",-115.5833,38.1167,1905,-1.28176034075039,21.2454402598572
"1109",-115.1853,40.7808,1905,-4.35846469031842,18.6639826254574
"1110",-115.5444,38.5208,1425.9,-2.77377763103393,24.4772493010311
"1111",-115.5289,41.6814,1819,-9.18465168040691,15.9019922746158
"1112",-117.9,38.05,1403,1.02776267967776,25.2191812746117
"1113",-118.6339,41.9892,1277.1,-0.954354238917042,22.0021470119611
"1114",-116,39.2667,1845,-5.94522938517878,17.3000228140396
"1115",-118.6208,38.5156,1341.1,1.55882071706922,25.3568935222294
"1116",-115.645,36.26,2270.8,-0.479229015448614,18.1287130987862
"1117",-115.8008,37.6486,1463,-2.31968421637209,21.6819692174657
"1118",-117.0167,37.2667,1225.9,2.16307629755629,25.8134705817438
"1119",-119.7475,40.6044,1173.5,-0.498146744639936,23.6603169641791
"1120",-119.5986,39.9508,1188.7,2.06504773611094,24.1184426660506
"1121",-71.9156,43.9522,189,-9.55101585962647,20.1080618297521
"1122",-74.8431,39.2483,9.1,-0.730608978556187,22.7785509721336
"1123",-75.0833,40.8333,85,-3.55346143451455,21.5452189365833
"1124",-74.2453,39.5656,1.5,0.684830216806074,24.3623689734948
"1125",-74.9697,39.9511,13.7,-0.197058836978984,24.1182685727849
"1126",-74.6828,39.9708,18.3,-0.2095,23.6457916666667
"1127",-74.5167,39.4167,3,-1.13145911723036,23.3712246938615
"1128",-107.9,33.5667,2261,-1.29337220357573,17.8940803967541
"1129",-104.3833,34.6,1314.9,3.42756117184215,25.2459651665898
"1130",-106.6167,35.1,1565.1,1.5202275186791,25.6537673605148
"1131",-106.0567,36.0908,1731.3,-1.37113593575164,21.8322408027561
"1132",-104.3836,32.7547,1026,4.43664645109256,26.3803549689366
"1133",-107.9603,36.6669,1769.7,-1.28275228086111,24.4663710146581
"1134",-106.8908,33.8044,1375.3,2.90403862327153,25.2755254779908
"1135",-104.3828,32.5158,979.3,5.44384255701218,27.083010946292
"1136",-103.95,36.6667,2196.1,-3.77552151782733,18.8375657841928
"1137",-105,33.9,1645.9,3.74564937916891,24.1073988677595
"1138",-104.1906,35.4072,1293.6,3.75545897562517,26.6589628061964
"1139",-106.0589,35.9989,1713,-1.3549985279225,22.6213921379851
"1140",-104.3753,36.9825,2255.5,-3.31031419725276,17.1659212725295
"1141",-104.5419,33.38,1098.8,4.26655633857496,26.8574715766925
"1142",-106.8842,34.0606,1399.9,2.33394570482374,24.5078923251281
"1143",-106.8831,34.0828,1397.5,2.33190452750584,24.5070428108717
"1144",-106.7597,32.2822,1184.5,6.71295121990462,27.5237041818138
"1145",-108.1472,35.3,2263.1,-4.2327919944755,19.491053002516
"1146",-108.7333,35.85,1958,-0.597461051579696,23.383915641307
"1147",-103.4433,35.36,1165.9,3.88271867873047,26.779236380754
"1148",-104.9244,35.8167,1927.9,-0.239659208859751,20.4236538461538
"1149",-77.2344,42.1014,304.5,-5.4668952583357,19.8768054620615
"1150",-73.7472,42.6461,4,-4.85951533046903,22.0891512835496
"1151",-73.8667,42.2333,75.9,-3.64963963620649,23.7933271539917
"1152",-78.6333,42.85,236.2,-5.84921249138331,20.3902065777129
"1153",-76.8358,42.0997,288.6,-4.35204869972323,20.971455770144
"1154",-75.5545,43.6053,549.9,-11.301585205753,18.3288715739342
"1155",-73.8,42.25,18.3,-4.70203759689123,22.4196130076094
"1156",-74.2167,43.9667,494.1,-11.6199695215554,16.5486449605956
"1157",-73.4667,44.65,50.3,-8.67179568336403,20.47882753919
"1158",-74.05,41.85,11.9,-3.24035891402678,23.1980450379061
"1159",-75.0361,43.8914,515.1,-10.4153667280774,17.6661840529919
"1160",-73.9667,41.0833,57.9,-7.14975499263822,18.3774551733721
"1161",-78.05,42.5167,350.8,-6.01421249138331,20.5334000217237
"1162",-80.1994,35.3992,185.9,5.02682246112378,25.8565749277261
"1163",-77.9822,36.2911,100.6,4.61737120518217,25.9566314711983
"1164",-81.8736,36.1878,1540.2,-3.19103322898854,17.1127443359959
"1165",-79.4481,36.06,201.2,4.22384769262019,25.7309076989861
"1166",-79.2386,35.9494,160,2.51282501881727,25.2088836128071
"1167",-76.3122,35.0053,0.9,7.09355235209967,27.2287741078312
"1168",-77.9989,35.4244,33.2,4.2108521965003,26.0701409540247
"1169",-81.8311,36.0964,1609.3,-2.86564704170391,16.8683549429164
"1170",-77.3031,34.8358,14.3,4.88601351649346,24.6102872760665
"1171",-78.5464,34.0106,12.2,6.95294882012724,26.1206640996499
"1172",-82.2833,35.7333,1991.9,-5.43831808090231,14.3875243225371
"1173",-77.9667,35.9667,64,3.35235097404523,24.67912832017
"1174",-76.2108,35.4486,0.6,6.57876355871006,26.2026560203498
"1175",-81.1494,36.1631,341.4,2.93992299172719,24.3819722973466
"1176",-78.3894,33.9283,6.1,5.7401706231492,25.8867187030656
"1177",-80.8808,35.81,244.8,2.55757692307692,24.2979230769231
"1178",-80.8808,35.81,289.6,2.55757692307692,24.2979230769231
"1179",-81.2275,36.1308,326.1,2.92953970871456,24.4599736813745
"1180",-101.505,46.7253,583.7,-11.717043678062,20.9557906684085
"1181",-97.5,47.9167,292.9,-16.9958423999146,20.5041746723706
"1182",-99.1294,47.4494,483.4,-13.8796876469968,19.9182220418234
"1183",-100.6667,46.05,510.5,-11.8128289720481,21.7200286712561
"1184",-101.5697,48.4583,510.5,-12.9610934352179,21.194836586277
"1185",-97.0975,47.9217,253,-15.4046066909898,20.6130450204835
"1186",-100.0167,47.35,591.3,-14.3087247101003,19.6290417597465
"1187",-102.0975,48.6692,551.7,-13.2246092599313,19.6345104542033
"1188",-97.1461,46.0725,342.9,-11.9479747715624,22.1391439753083
"1189",-99.5261,47.9619,492.3,-16.8090367459157,20.1097909912967
"1190",-102.5833,47.9833,573,-14.2976073218192,20.6806248121565
"1191",-102.1333,47.95,595,-14.6204627078188,20.4428896247073
"1192",-97.9,47.5983,464.8,-15.8171666666667,19.6245122449758
"1193",-99.1167,47.8333,451.1,-15.8733238407005,21.1902729941887
"1194",-81.0833,41.1667,305.1,-5.23549950418607,20.6211281947497
"1195",-80.9981,40.2686,384,-3.24203400448656,21.817444911029
"1196",-81.6,39.8167,298.7,-4.13806298446566,21.2481544316258
"1197",-83.0167,40,232,-2.09455137628339,24.0882675700476
"1198",-81.2953,41.7528,182.9,-2.78979117036245,22.3253436114297
"1199",-82.7,40.9833,292.9,-5.0605597120802,20.5520911347725
"1200",-83.0667,40,253,-3.32597878083447,23.7697198889865
"1201",-98.0233,34.8083,396.8,2.13903939157728,27.7405323692098
"1202",-99.3344,34.5903,420.6,3.7618731949609,28.8394944351877
"1203",-96.14,34.3983,172.2,3.53107986822991,27.3252665135626
"1204",-96.3917,35.8292,253,1.36915373616401,26.5183146808769
"1205",-97.2692,33.8936,228,3.26828850659143,27.7079873235918
"1206",-97.2692,33.8939,228,3.26790181690122,27.7078923073631
"1207",-95.5808,36.3225,179.2,1.81881014338493,27.0381049495929
"1208",-98.9958,35.3008,476.7,2.63345756507797,28.2943967018558
"1209",-99.8033,35.205,602.9,1.27744565469983,27.2285374316137
"1210",-99.1128,36.7647,461.8,0.337446325183428,27.0649538900297
"1211",-96.2833,35.95,253.3,0.336219736985563,26.6573067581382
"1212",-94.8278,33.9336,111.3,4.98081802874959,26.6521089131213
"1213",-97.9544,35.8542,322.8,0.829219920377578,28.4176752263526
"1214",-97.9294,35.8583,320,2.33658656345811,28.5331986065763
"1215",-98.315,36.1217,370.3,1.66993488630325,27.8426757243644
"1216",-100.8636,36.8136,824.5,1.25604529308146,27.1482595773051
"1217",-94.7039,34.9417,160,4.88113351089159,27.8732497099747
"1218",-119.8961,42.1761,1396.9,-0.475053831476673,20.2524151317455
"1219",-117.0667,43.7333,680,-0.850676181221324,23.5594279081842
"1220",-123.1,44.65,64,4.24057720142773,18.5629617118739
"1221",-120.7533,44.8197,923.5,0.183660786409863,19.3859142909334
"1222",-120.2064,45.7211,84.4,1.1291615766373,24.1197519322778
"1223",-123.8167,46.15,14.9,5.28993119586499,15.1356392083453
"1224",-123.8333,46.1833,61,5.1227284493789,15.7196458870714
"1225",-118.4914,44.5747,1284.1,-4.62782721678068,16.1373801663656
"1226",-124.5667,42.8333,66.1,8.47690662679773,12.2021147993625
"1227",-123.0275,43.7917,181.4,4.73284615384615,18.5511531571778
"1228",-122.1328,42.8967,1973.6,-2.97673076923077,12.681162810618
"1229",-124.0947,44.0042,22.9,4.4827313237885,12.7298887976537
"1230",-123.1028,45.5247,54.9,3.57361660866545,19.0945775064778
"1231",-123.1025,45.5247,54.9,3.5736239704164,19.0945773156057
"1232",-121.2122,43.3936,1404.8,-4.07500633718529,14.6684427378133
"1233",-124.1781,43.6814,2.4,7.43092857823497,14.8866925153401
"1234",-121.5175,45.6847,152.4,1.64992058401386,19.3639727936285
"1235",-122.76,43.9144,217,5.30788742755281,19.3792209215279
"1236",-118.4089,45.9428,295.7,1.26537626834919,22.8600149039711
"1237",-122.8833,42.45,371.9,3.36671730184038,21.411198506676
"1238",-116.9903,43.8764,662.9,-1.87847706982984,23.9497259770825
"1239",-119.6333,43.6,1314,-4.49965621540026,17.637457759247
"1240",-123.88,45.4583,3,6.07233424980357,14.5391011935794
"1241",-119.35,45.9167,82,0.0465349513126924,23.4721017663995
"1242",-78.4878,41.6961,634,-7.22111042382075,17.8970739020957
"1243",-79.3333,40.3,323.1,-2.34836277079067,21.3907058449123
"1244",-75.9,41.0167,580,-7.22971568955759,18.3324672453308
"1245",-78.0025,40.5153,208.8,-2.15987747653627,22.5090200699741
"1246",-76.8786,40.9475,152.4,-3.12639764622351,22.208553933791
"1247",-75.3369,40.1097,18.9,-0.979245763202772,24.055757868249
"1248",-79.9131,39.7275,246.9,-3.65517946895911,22.2409786543645
"1249",-77.5039,39.8508,463.3,-2.60972476600643,21.741875728146
"1250",-76.4431,41.7511,231.6,-4.01530736521902,21.2060741477186
"1251",-79.0975,33.5214,6.1,7.73700392995752,26.9010523290173
"1252",-79.8567,33.8083,24.4,6.93189954647726,26.9776229381739
"1253",-81.0167,33.9831,73.8,7.59463943792604,27.8057671498313
"1254",-79.74,34.2933,36.6,6.93104832908239,27.0187146269264
"1255",-81.3181,34.2931,78.6,6.35865722274056,27.173607523042
"1256",-79.8572,32.7617,1.5,9.32187507024669,28.0085286929548
"1257",-103.8511,44.6714,920.5,-5.49059620055439,22.4954400270826
"1258",-100.3,45.0167,470,-10.4487781521311,24.1653900310945
"1259",-103.9,44.0667,1895.9,-8.94941172528311,15.367943074028
"1260",-103.7858,43.9944,1847.1,-8.01914625334874,15.7639247433317
"1261",-99.6222,45.7656,570.3,-12.5956588679241,21.4342539095657
"1262",-99.9403,45.0197,635.5,-10.8472107216972,21.3593802698302
"1263",-101.9414,43.7483,743.7,-5.28029349000274,24.4778861755355
"1264",-99.4606,44.0642,444.4,-7.97057373250844,23.4243757422916
"1265",-97.0922,43.9906,500.8,-10.7646947094263,21.6835260894762
"1266",-101.6333,43.1833,934.2,-7.4379023291634,20.1082976264373
"1267",-97.3081,43.7447,445,-11.5776503850556,21.7053259186887
"1268",-97.3081,43.7447,485.9,-11.5776503850556,21.7053259186887
"1269",-101.6183,44.5172,681.8,-8.20807687181814,23.0842979394801
"1270",-101.6192,44.5208,681.8,-8.20824580656339,23.0841251940893
"1271",-98.5325,43.0689,454.2,-6.02708213538509,24.5998076923077
"1272",-99.2333,43.7833,484.9,-9.59247986566305,23.7267017546512
"1273",-103.2108,44.0728,1029.9,-3.69964635601523,22.9371321944765
"1274",-102.2,45.7667,680,-10.5177692574207,21.8371237954416
"1275",-97.0625,45.3036,595.9,-13.4821043306262,20.4123247072904
"1276",-96.8619,45.4078,366.1,-11.7182216901532,21.8189712459233
"1277",-96.86,45.4081,353.6,-11.7188405529951,21.8186240181731
"1278",-87.4219,35.8317,225.6,1.87496725699874,24.0439211550303
"1279",-87.4261,35.7553,201.2,2.26139881048707,25.0112675687825
"1280",-87.3356,36.4975,145.1,2.18563535173346,25.1255428805448
"1281",-87.3356,36.4975,151.2,2.18563535173346,25.1255428805448
"1282",-85.7014,35.3683,565.7,0.938787228745992,22.9122712038358
"1283",-84.9947,35.4717,263.7,2.76459858094675,24.930236055115
"1284",-84.9958,35.4722,250.5,2.76457464479196,24.930229674849
"1285",-84.3333,35.7333,244.1,2.1686754652511,25.0197527247931
"1286",-87.2847,36.1014,182.9,1.18192775988014,23.7077687466957
"1287",-83.4411,35.655,1979.1,-3.60773257072122,13.9658382238461
"1288",-86.3728,35.9203,163.1,2.83823076923077,25.5655384615385
"1289",-84.0603,36.2131,338.3,1.03401368047043,23.2742678043323
"1290",-83.5983,35.9297,274,2.97708445642775,25.4174055468999
"1291",-101.8581,33.84,1024.1,3.44041881668939,25.2109700570429
"1292",-101.8508,33.8411,1023.8,3.43651547009803,25.2100223635826
"1293",-101.2503,30.3369,612.6,6.98162729700119,28.0749274671274
"1294",-103.66,30.3764,1356.4,7.54012451398831,24.67512931459
"1295",-95.2336,29.3653,8.5,11.1644882786493,27.5606602395593
"1296",-97.6983,30.1728,165.8,7.83615934552539,27.1234964245711
"1297",-103.7408,30.9839,970.8,7.89232162875191,27.1091272548485
"1298",-103.7403,30.9844,981.5,7.89220775513265,27.1091044041311
"1299",-97.7061,28.4575,77.7,12.4359274873881,28.8319297644621
"1300",-98.4161,27.5969,115.8,13.0382356092203,29.8421538706997
"1301",-103.9583,29.4372,1261.9,7.25504790307037,26.11424959007
"1302",-98.7353,29.7986,440.4,9.0706136876751,27.5197477434873
"1303",-101.4,35.65,949.1,3.20874474445874,27.3633748011917
"1304",-102.2564,35.5303,972.6,2.64376895857288,26.1412615656494
"1305",-98.9017,32.75,356.6,5.86998097766924,29.0668452165141
"1306",-98.3539,28.4658,66.4,11.9625253119851,29.2810801842674
"1307",-96.97,30.8458,110.9,7.55080615435811,26.7897464774886
"1308",-104.6822,30.1383,876.9,9.40483701933729,29.2294002159094
"1309",-103.3003,29.2703,1615.4,8.97762736572521,23.4383372960428
"1310",-98.2525,28.4675,70.1,11.5876681691279,29.045508755696
"1311",-96.4167,30.5333,53.3,11.1492412896392,29.0084643640301
"1312",-95.6039,33.3192,141.1,5.25804316787362,28.7780355685039
"1313",-105.47,31.78,1365.5,4.88550440928018,25.6180035293604
"1314",-97.3983,27.6606,4.9,11.9162610083588,27.5960217198501
"1315",-105.2372,31.8769,1149.1,5.52037124366756,26.773029703341
"1316",-105.2097,31.9147,1130.2,5.4295398268424,26.8227141999795
"1317",-102.1167,30.05,667.5,8.17942981049871,28.4282422014708
"1318",-101.8333,30.2,694.9,5.21504904031441,27.2620798933102
"1319",-94.0833,30.3333,10.1,8.54064329660586,26.8616955385788
"1320",-105.7411,31.1847,1064.7,6.15201850255582,27.7295810003457
"1321",-97.7853,32.2342,199.6,4.78588671346407,27.2509125031907
"1322",-100.3369,33.6267,536.4,5.12595592696856,28.5815931722895
"1323",-98.0853,31.7044,342.9,6.52380561724142,27.6479201056656
"1324",-96.2725,32.5589,128,6.56787023321829,28.7805285680651
"1325",-98.3992,26.2422,54.9,14.9571967094896,30.0789898191294
"1326",-99.1442,33.7542,355.7,5.29643770201349,29.5211524242955
"1327",-95.9203,30.9392,76.8,9.19239701581639,28.3029525598268
"1328",-102.0258,32.0186,846.1,6.84267008246589,27.792238195476
"1329",-98.4,26.2167,40.5,14.8341232540098,30.3546131191145
"1330",-95.895,29.2667,21.9,11.8864166666667,28.7016666666667
"1331",-93.7417,30.0858,3,10.1564006056958,27.5275830650353
"1332",-99.9305,31.5064,504.1,7.06008205865081,28.5327872850988
"1333",-99.9264,31.5206,496.8,7.05020765371226,28.5384752302302
"1334",-99.7908,29.9167,625.4,8.02483838232075,26.4978248317195
"1335",-98.4942,31.9633,372.2,7.27739259142112,28.4588450700431
"1336",-97.7064,32.2619,197.5,6.05087945311866,28.3278745135987
"1337",-102.9622,29.1853,566.3,9.47869152892741,30.8998442833358
"1338",-97.9494,29.8833,202.7,10.0455943772373,29.0663950924441
"1339",-101.8272,30.6886,662.9,7.4556103025795,28.7901312614568
"1340",-97.1742,26.1375,1.5,15.6624044973013,28.5899125247738
"1341",-99.8036,32.9403,491.3,5.96684831563758,29.037867188978
"1342",-99.8036,32.9403,499.9,5.96684831563758,29.037867188978
"1343",-100.8972,34.3956,710.2,4.45184976217078,27.5725411434264
"1344",-100.8967,34.3961,716.9,4.45168453923367,27.5725127259165
"1345",-99.3253,34.1517,368.8,5.0875776752121,29.4880329196542
"1346",-101.4969,34.6522,1036.3,1.92647864248679,25.1528684487524
"1347",-111.9608,38.2486,1950.7,-5.11245735400069,18.3819276692601
"1348",-111.3922,41.9583,1806.9,-3.70229273547279,20.3744930637415
"1349",-112.8639,37.5928,3259.5,-7.35156180305944,12.4718990658294
"1350",-110.7203,37.53,1164.9,1.91876035912897,29.3550733450053
"1351",-113.7128,39.8997,1323.4,-3.18194944721288,22.9172206288932
"1352",-111.2128,39.5997,2554.2,-10.6826266946634,13.4352997271943
"1353",-114.0333,38.9333,1603.2,-2.56696174841779,23.5118004190821
"1354",-111.8167,39.15,1568.5,-4.12750826972718,21.6568691072547
"1355",-110.3881,37.8747,1173.5,2.55369859650145,30.6803474656808
"1356",-110.3878,37.875,1219.2,2.55345101967311,30.6802958293081
"1357",-109.5458,38.5744,1235.4,-1.59439412110112,27.0438919372208
"1358",-109.6422,40.1342,1421.6,-9.73487982148821,23.8931325634156
"1359",-109.9589,40.2875,1528,-9.73842193257074,21.5844069393117
"1360",-109.9586,40.2878,1528.3,-9.73843059522137,21.584404491348
"1361",-113.5611,37.1069,844.3,5.08225226328267,30.2034877032086
"1362",-113.6067,37.1189,870.8,5.06739089995114,30.1811339545356
"1363",-112.1167,40.7667,1283.2,-2.44204838541356,25.3462945323024
"1364",-110.6861,39.5447,1645.9,-7.69922634163327,22.0698939838218
"1365",-111.1594,41.5147,1924.8,-9.52257692307692,17.2560522980173
"1366",-111.1494,41.525,1924.8,-9.52257692307692,17.2566739112455
"1367",-73.2106,43.9572,105.2,-7.80839597471501,20.722281809473
"1368",-72.8153,44.5247,1204,-12.5297229367593,15.3132687354314
"1369",-72.95,42.9667,634,-8.9633910559363,16.4853930874465
"1370",-77.485,37.7553,67.1,1.68222103813301,24.7554448918582
"1371",-78.2886,37.7092,68.6,2.27110344239603,25.6428112715737
"1372",-78.15,37.7333,88.4,1.78511227166785,24.8946090354786
"1373",-77.8769,37.6664,85.3,2.08203992538056,24.8241175471831
"1374",-77.8769,37.6664,106.7,2.08203992538056,24.8241175471831
"1375",-77.9833,38.4833,144.8,0.690702760326769,24.7005041576597
"1376",-77.2775,37.2992,12.2,3.44914626538839,25.9359626094317
"1377",-80.5333,37.3833,1179.6,-3.02410512335616,18.5840794429014
"1378",-76.4417,37.4333,0.9,3.39768469049375,25.7513297569219
"1379",-80.0272,36.7764,342.3,3.15612746985598,24.8783432343039
"1380",-79.0903,38.1814,51.5,1.54639496399113,23.7576052520065
"1381",-76.2667,37.8833,6.1,1.33836142320272,25.1124539960389
"1382",-121.4825,47.7722,236.8,1.79489128718081,17.2579601157214
"1383",-122.0036,47.1694,208.8,3.71681451612903,17.3456420796827
"1384",-123.16,47.3706,6.4,3.47397181806192,17.20758297752
"1385",-118.8786,46.2447,112.2,1.59863235995799,23.5389096986948
"1386",-122.9781,46.1372,3.4,4.88461538461539,18.5025384615385
"1387",-117.1167,47.9167,1795.9,-8.67823017452621,13.3588064710621
"1388",-122.3867,48.4403,4.3,4.32084001343158,16.9174040250764
"1389",-119.5333,48.4167,259.4,-3.02430543308826,22.3922785475721
"1390",-122.7586,48.1161,30.5,4.63283037374104,16.3904064894985
"1391",-119.2633,46.3119,113.7,0.888538461538461,23.2129546766923
"1392",-120.3333,48.3667,670.9,-7.57822128679717,17.8903293269153
"1393",-120.08,47.6497,812,-5.70173209980328,19.2096398324662
"1394",-120.7167,46.3833,296,-0.259366356054326,21.2022070975068
"1395",-79.4264,39.1025,1138.4,-5.66315712996096,18.1710994096457
"1396",-77.8833,39.3833,167.6,-0.955762044371507,23.0249166666667
"1397",-81.37,38.1933,192.6,1.45561319867618,24.1707950204475
"1398",-81.3706,38.1947,189,1.45540266651295,24.1707161081084
"1399",-80.6803,37.99,975.4,-3.5665531483969,19.1993199051709
"1400",-80.7014,40.1478,195.1,-1.54831189211462,22.9308102987383
"1401",-79.995,38.3989,1478.3,-5.30535953932065,17.2963259780286
"1402",-91.9194,44.3269,204.2,-10.0580456215556,21.931420489748
"1403",-91.9194,44.3272,204.2,-10.0580719927848,21.9313993707216
"1404",-92.3878,44.9644,336.8,-13.6399484595954,20.4611249829597
"1405",-89.5333,45.9167,494.1,-13.2534698207252,18.5704656168587
"1406",-90.5417,45.9808,478.5,-12.6708650613582,18.3157850934671
"1407",-87.7086,43.7183,183.8,-10.0018676827721,18.8016339491665
"1408",-87.7089,43.7186,185,-10.0022605650293,18.8015067328955
"1409",-88.1919,45.3575,289.6,-10.4252301333162,19.6733265748115
"1410",-88.1922,45.3581,289.6,-10.425258606898,19.6733105383975
"1411",-88.4533,43.7953,228.6,-8.68688461538462,21.4819615384615
"1412",-88.0981,44.5331,211.5,-8.99131228901122,20.3363592426458
"1413",-87.505,44.4628,177.1,-7.81229543978263,19.6328961493586
"1414",-88.9975,43.7033,259.4,-11.3524868021592,20.7484887881363
"1415",-89.7322,45.8864,488,-12.8690751590775,17.9462127723856
"1416",-91.3856,46.7781,198.4,-11.1762168495976,18.6327033060447
"1417",-87.7858,42.7028,180.4,-5.96157013908452,21.8636495065744
"1418",-89.8772,46.1222,491.3,-12.8417063492063,18.4623755388298
"1419",-87.7167,43.75,197.5,-6.282,21.6682916666667
"1420",-110.9297,42.7292,1903.5,-9.02588055669207,16.7754675813606
"1421",-106.3567,42.6233,1841.6,-6.15024818320119,19.7894080957871
"1422",-111.0456,42.2128,1849.8,-11.3807116604497,17.5017353507339
"1423",-109.2333,44.9,1382,-5.2038524349373,21.5425274909756
"1424",-109.1375,44.9367,1246.6,-6.2627352790138,20.3618088883252
"1425",-110.1631,43.4136,2487.2,-13.6157068205087,11.2999187848359
"1426",-108.8667,42.9833,1692.9,-8.50653421193876,18.8247644257627
"1427",-105.0833,42.45,1449,-5.03871248224653,20.863439916129
"1428",-105.7878,42.8267,1508.2,-4.61242045296152,21.2335785097559
"1429",-110.2342,44.8956,2004.1,-11.9355915423533,13.0579053351032
"1430",-111,41.8667,1892.8,-11.3913274530122,16.7096024330134
"1431",-106.9694,44.76,1202.4,-4.55917416843697,21.8499203586939
"1432",-106.105,42.3703,2150.1,-10.9641848180473,16.2495338495119
"1433",-108.1436,43.7536,1304.8,-10.7163239129566,20.5849868797035
"1434",-104.9492,42.11,1410,-2.78895022098946,21.6673661119063
"1435",-104.9492,42.1106,1413.7,-2.78896098238187,21.6673604997847
"1436",-104.3881,41.9131,1319.8,-2.82631057627676,22.4829651092624
"1437",-114.5617,34.7872,144.8,9.7162468750548,32.8828696532313
"1438",-110.88,31.6753,2170.2,6.55626326220764,21.3512415249146
"1439",-111.8975,31.91,721.2,10.9476556908981,30.3739282541995
"1440",-85.6344,33.6472,276.8,4.20407267077102,24.965537338084
"1441",-120.8031,35.8644,163.7,7.74170790207709,23.32645735535
"1442",-118.0517,35.8842,2507.9,0.836117932511132,18.4444744305116
"1443",-120.0833,35.1889,1149.1,7.83426536119311,24.2199751978992
"1444",-104.8692,37.9478,1886.7,0.409069108202419,22.3291598548301
"1445",-112.7764,40.3008,1219.2,-2.95379901692658,24.7752960398075
"1446",-108.2,40.0458,2133.6,-3.81297973519887,21.1598470647425
"1447",-116.8989,34.2661,2103.1,1.7028346171287,17.2484387968633
"1448",-110.0747,40.8111,3694.2,-11.0667839623891,9.78059791213543
"1449",-116.4203,32.8797,1755.6,4.48147803009453,20.1806588373038
"1450",-120.1875,35.3811,496.8,6.80839646001438,22.8448186305813
"1451",-123.0736,39.1258,975.4,6.99695816634395,23.1673848602457
"1452",-116.0794,35.0531,289.6,8.5435149723946,34.3891848341076
"1453",-118.5506,37.39,1414.3,4.89498096384074,26.5229809874915
"1454",-120.4319,35.8989,467.9,7.42824678951456,23.3403908982916
"1455",-104.0556,37.9056,1633.7,1.33982708947985,24.7283048952847
"1456",-122.2906,40.5158,152.4,7.25266667476378,27.6153272504393
"1457",-119.0333,33.4833,53.6,13.9737725809275,17.2234086495001
"1458",-123.3525,41.8586,1423.4,0.946295098830781,20.6388581101019
"1459",-120.0778,33.9778,395.6,12.0992391239843,15.5822944550668
"1460",-123.0656,40.3375,1378.8,4.14310485273478,21.2553139374887
"1461",-81.03,25.85,2.4,18.4409430600245,28.8497634626562
"1462",-81.6106,31.2569,2.1,9.8942407941567,27.3437509714246
"1463",-84.0744,34.765,736.1,2.31608248141913,22.3537965623025
"1464",-87.0878,41.6317,197.2,-3.83171705851307,22.4785221017405
"1465",-116.3361,48.6756,536.4,-2.98103080129332,19.9950770258027
"1466",-113.8333,43.8,2383.5,-10.6576548178844,12.0769570218436
"1467",-117.1678,44.3256,1088.1,-2.23423549182833,24.3800091796811
"1468",-96.0833,41.5333,223.1,-5.59310212716461,25.1858844098561
"1469",-116.4686,45.6375,350.5,3.2635944716492,26.895903163772
"1470",-101.9003,37.1408,1078.4,0.68242343287465,25.8499296248724
"1471",-93.4039,29.8881,0.9,10.4924797925482,28.8477905706627
"1472",-95.87,48.5,280.4,-15.9958783477619,19.1255285487464
"1473",-108.3483,44.9936,871.7,-4.22229356539509,24.4428177840566
"1474",-110.3517,47.285,1229.9,-9.08119635918944,20.5076572205042
"1475",-90.3806,31.9497,45.7,7.09482433824812,26.872360893352
"1476",-93.6461,47.7794,408.4,-15.4291291498866,18.5817654225963
"1477",-90,37.7617,288.3,-0.660333586057084,24.6902299592294
"1478",-109.5714,45.4581,1386.8,-2.21119348700421,20.3758103548799
"1479",-111.5881,46.3292,1332,-4.57258172717962,20.3126612808029
"1480",-93.5642,48.3894,344.7,-15.5332199406579,19.2167169581506
"1481",-92.8572,48.0189,403.9,-15.1130951790791,19.0911752103415
"1482",-113.9792,47.0411,2414,-9.26667999632304,12.8714193176155
"1483",-114.0911,46.5131,1025.7,-4.55468909576185,19.5419934780797
"1484",-119.79,40.5819,851.6,0.177055996285473,25.3538772219171
"1485",-82.2,35.3167,853.4,1.71480653870326,22.3692503913122
"1486",-77.7986,35.9731,32,5.03958724089229,27.4886128403393
"1487",-71.1406,43.9806,140.2,-6.90544850790766,20.8174212692858
"1488",-120.13,44.35,1431,-3.2689534165554,16.5525633561004
"1489",-123.3972,42.4947,378,3.95804297963844,22.4671150926002
"1490",-113.5906,41.6097,1520,-4.52757955749751,23.9324608509331
"1491",-102.2711,43.29,342,-4.42354227312641,23.0507609197616
"1492",-81.0833,32.1,3,9.36960753763592,27.7051144499575
"1493",-94.4383,29.6692,1.5,10.377957091425,27.8842218585033
"1494",-96.75,28.25,0,11.4821753828604,28.0439470252506
"1495",-101.1578,30.9856,780.9,6.21992689497944,26.1785397213124
"1496",-94.1164,32.6583,61,6.4913782145201,27.5729955601499
"1497",-95.9219,33.7411,243.8,4.88782635274123,27.7127905002996
"1498",-99.6594,31.5061,442.6,7.83627351163102,28.3098638205216
"1499",-99.1356,26.5547,66.8,13.6260669229341,30.3395015970998
"1500",-104.8253,31.925,2363.7,1.76242859251356,18.4232052394181
"1501",-98.1369,26.0839,27.4,14.6982125005129,29.8753808020705
"1502",-105.73,40.43,3261.4,-9.26553589381361,10.6175149608241
"1503",-105.07,38.88,3493,-8.43507690928877,10.2430913664482
"1504",-105.54,35.78,3389.4,-6.39776954893349,11.522430752817
"1505",-105.79,33.4,3133.3,-2.94046643915482,12.4569297278141
"1506",-107.43,44.5,2920,-10.6877736433405,12.0835392575459
"1507",-107.06,44.4,3005.3,-8.91728019436456,10.7783379200896
"1508",-107.24,43.47,2606,-7.59578419703199,14.7984542431153
"1509",-107.51,37.71,3535.7,-7.5643760134333,10.7693382895835
"1510",-108.06,39.06,3048,-7.55429192205232,13.2977628820694
"1511",-108.2,37.89,2926.1,-8.26306588525751,13.2305564697251
"1512",-108.02,37.44,3287.3,-7.23710819378483,11.8803440820934
"1513",-109.94,45.06,2773.7,-11.814082861032,9.46499817794764
"1514",-109.5,33.98,2781.3,-2.6577731633509,14.2245106677202
"1515",-110.43,46.09,2468.9,-7.70377449926661,13.1415511622616
"1516",-111.05,40.85,2741.1,-6.17960852769322,14.4874336712935
"1517",-111.27,39.45,2745.9,-6.84772599169753,12.9789482443064
"1518",-111.65,35.34,2965.7,-5.21646623832616,13.440623343529
"1519",-113.86,48.8,1920.2,-8.24848694806596,12.2224964604667
"1520",-113.13,46.1,2514.6,-7.27470610745357,11.8406921021715
"1521",-113.58,45.17,2621.3,-8.03833111918571,12.0918802112558
"1522",-114.86,48.91,1837.9,-7.27384911776753,12.6517092275881
"1523",-114.62,39.32,2773.7,-5.75282934346792,14.1964663638222
"1524",-115.29,46.56,1816.6,-5.92298621350749,12.7001059820193
"1525",-115.23,45.7,1938.5,-6.16485650607287,12.3516930746727
"1526",-115.44,43.63,2368.3,-7.26365582177907,13.2076910516619
"1527",-115.25,41.87,2539,-5.57937529670017,14.6915260971512
"1528",-116.76,48.89,1536.2,-6.44523913743816,13.7997612982797
"1529",-117.17,45.27,2411,-6.05907793850009,11.0261810720542
"1530",-117.57,41.67,2603.9,-4.17874256734367,15.644206357617
"1531",-118.63,42.71,2334.8,-3.53516306066337,14.4180022888141
"1532",-120.66,48.72,1978.2,-6.8116622677499,9.40271166714438
"1533",-120.18,41.99,2243.3,-3.64945009446122,13.9415833246636
"1534",-121.39,46.62,1767.8,-4.29819469106859,10.7210382918703
"1535",-121.72,45.32,1636.8,-1.44507520249992,13.0063954796214
"1536",-123.43,47.94,1527,-2.6292480962255,11.1093573952386
"1537",-123.37,45.54,947.9,1.9595418846965,15.3116825124558
"1538",-123.34,42.08,1563.6,1.36992001114669,15.6325000161324
"1539",-101.395,35.695,930.9,3.35114276294222,27.9790382101237
"1540",-102.7739,33.9558,1140.6,2.08534355349649,24.2378790235266
"1541",-106.5214,35.8583,2656.6,-7.60177785033064,14.5387233640679
"1542",-116.1642,33.6317,-36,12.1835,32.6043076923077
"1543",-111.4478,36.9261,1313.7,2.52610384172784,28.7908175589427
"1544",-117.625,33.9756,193.9,11.7390980070381,24.5848880134646
"1545",-81.9633,33.3644,40.2,6.92881801236229,26.9394999472025
"1546",-81.9636,33.3653,40.8,6.9287858995376,26.9394922763827
"1547",-96.0131,36.7664,210.3,0.904230769230769,27.1258076923077
"1548",-121.4461,48.5406,124.1,1.49993901610032,17.5018183021292
"1549",-123.812,47.5139,87.2,2.93792007164277,15.9487090494354
"1550",-88.4864,43.77,246.6,-7.94993243851388,21.9299275764502
"1551",-84.0794,41.8678,242.6,-5.29076373613152,22.3389215336834
"1552",-84.0794,41.8678,244.1,-5.29076373613152,22.3389215336834
"1553",-82.5167,27.85,7.9,15.8901033645917,28.3814828895434
"1554",-85.0333,29.7333,5.8,11.171220345255,27.4644002540911
"1555",-80.6439,28.1011,8.2,16.2455182357864,27.4635886209463
"1556",-80.2428,27.6531,8.5,16.4322888527158,27.3286468522738
"1557",-80.1622,26.0789,0.9,20.3608662548983,28.7864443853038
"1558",-80.6,28.2333,3,16.1267239139836,27.6417251987374
"1559",-80.5667,28.4833,4.9,14.5997374167202,26.5545965489467
"1560",-81.7542,28.0622,44.5,16.0614777732951,28.2065183643887
"1561",-89.4075,29.3331,0.9,12.4726094166765,28.6663436328276
"1562",-90.2778,29.9975,-0.9,11.3064615384615,27.8413076923077
"1563",-97.4186,25.9156,7,15.9092307692308,29.1672307692308
"1564",-97.4189,25.9161,26.8,15.9092307692308,29.1672307692308
"1565",-99.4667,27.5333,152.4,12.824788937039,31.0329400397336
"1566",-95.3667,29.7667,15.8,10.8596341674012,27.951427319226
"1567",-99.2228,28.4586,143.9,12.8352148166757,30.5522356678546
"1568",-91.525,29.5589,0.9,10.6267459177609,28.176229162847
"1569",-91.5256,29.5622,1.2,10.6236813298564,28.174857101037
"1570",-98.0286,29.7042,233.8,10.2406753476749,28.7351391359713
"1571",-95.6564,29.6222,25,11.0426844516407,28.6166755059134
"1572",-98.0633,26.5258,19.5,14.359646958029,29.4205132725449
"1573",-77.975,39.4039,164.9,-1.2688526749754,23.3523564609819
"1574",-79.9206,39.6497,373.7,-0.799428432036202,22.9134106369403
"1575",-82.9333,39.8167,230.1,-1.76680843590002,24.3330236437962
"1576",-89.95,35.9667,79.9,1.63930046375343,27.0634638841025
"1577",-88.0631,30.6147,4.9,10.0443486846447,27.8525860266993
"1578",-88.0681,30.6264,7.9,10.0370301264008,27.8562080251727
"1579",-84.5167,33.9167,330.1,3.8696657375703,25.754016637717
"1580",-82.3989,36.4797,456,1.88243841524481,23.9546146522398
"1581",-81.1183,33.9486,105.2,7.21363836634264,27.7196560601179
"1582",-86.4075,32.2997,61.6,8.15948662365382,27.6831536830104
"1583",-86.4075,32.2997,66.1,8.15948662365382,27.6831536830104
"1584",-97.68,30.1831,146.6,9.1049894595012,28.6249083562505
"1585",-92.55,31.3167,27.1,8.33643593037722,27.7892940863849
"1586",-94.3653,35.3333,136.6,4.04315384615385,28.3414230769231
"1587",-97.35,37.6833,387.1,-1.38130906837245,27.4872332840484
"1588",-68.6925,45.6478,123.7,-10.2892049336054,19.9244600407455
"1589",-75.1097,44.5772,136.6,-8.7429122799885,20.1371329290247
"1590",-71.2994,44.2667,1910.2,-14.9678461538462,9.33434615384615
"1591",-71.3033,44.2703,1911.7,-14.9678461538462,9.33434615384615
"1592",-71.4325,41.7219,18.3,-2.00538461538462,22.7329615384615
"1593",-71.4325,41.7225,15.5,-2.00538461538462,22.7329615384615
"1594",-76.1039,43.1111,125,-4.52050939069305,22.2189455590556
"1595",-76.1039,43.1111,125.9,-4.52050939069305,22.2189455590556
"1596",-82.8183,42.6083,176.8,-4.81362766206659,21.7122364484975
"1597",-83.4,44.45,188.1,-6.77897690378348,20.3010463744985
"1598",-83.75,42.9669,234.7,-5.44740158186585,21.6178254366805
"1599",-84.4908,43.9758,236.2,-6.80492948367555,20.688340344597
"1600",-81.4433,40.9181,368.8,-4.15434615384615,21.8523846153846
"1601",-93.3981,48.5614,360.6,-16.8722692307692,18.2725
"1602",-91.2528,43.8789,198.7,-8.54317918781102,23.4202358901307
"1603",-91.2531,43.8792,198.1,-8.54318496324002,23.4202333606173
"1604",-97.2417,48.9711,240.8,-16.6095215689978,19.3566652381391
"1605",-93.0558,44.9322,213.4,-9.95750557779767,23.0745117421254
"1606",-100.9269,29.3783,305.7,11.5639727869556,30.7043503074425
"1607",-103.2092,29.3483,1065,8.50091808731124,27.0721163596751
"1608",-106.1,32.85,1267.4,4.48764008913635,26.4804115280033
"1609",-104.9,39.7167,1645,-2.16392175602668,21.9071762376302
"1610",-100.4925,31.3714,610.8,7.9865,28.9171538461538
"1611",-101.8136,33.6542,993.3,4.39113657241798,26.8867513218338
"1612",-103.6031,35.1822,1239,2.55225451513647,25.9001540916608
"1613",-100.7247,37.9272,878.4,-1.20587666579676,26.0590815842941
"1614",-106.5,31.7833,1150,7.00793650793651,28.4696825396825
"1615",-102.9167,30.9119,917.4,8.90013536192019,27.9191342677021
"1616",-112.3667,33.55,331,10.9476714287926,33.8919573089839
"1617",-117.25,33.9,468.2,10.6763699885213,24.8294761180764
"1618",-110.7153,38.3706,1313.1,-3.82462501570357,25.8899546666104
"1619",-118.3889,33.9381,29.6,13.3148436870159,20.1829858812181
"1620",-118.3867,33.9381,29.6,13.3146878489631,20.1830420032317
"1621",-114.6183,34.7678,270.7,12.0549409609821,35.8640768550295
"1622",-122.2331,37.7178,1.5,8.95376923076923,16.8390769230769
"1623",-120.4486,34.8994,73.8,10.276053694864,16.8071470083304
"1624",-86.0003,31.79,143.9,7.12964699971006,26.028788279464
"1625",-87.7367,31.8814,106.7,6.57175706309579,26.2651232882422
"1626",-91.7811,35.82,138.7,0.516775086286449,25.1955398779318
"1627",-98.0847,30.6222,414.8,8.32302928347027,27.8679481984105
"1628",-91.7225,37.6344,365.2,-2.18352647032304,23.3819167044961
"1629",-101.6014,44.0511,672.7,-6.52158708910901,23.777426013789
"1630",-101.6011,44.0511,672.4,-6.52158948120833,23.7774254287826
"1631",-106.9689,44.7694,1202.4,-5.445,21.2637692307692
"1632",-109.4567,47.0544,1257.3,-5.94480479880317,18.6657083861329
"1633",-107.9508,43.9658,1271.6,-9.97282378046346,21.9473112782951
"1634",-112.9333,40.1833,1328.9,-2.60542347250115,26.0514709878955
"1635",-116.8917,40.6117,1373.1,0.00311065883448552,24.6655379171494
"1636",-113.7661,42.5417,1262.5,-2.94015384615385,21.1561153846154
"1637",-112.3767,48.6036,1172,-7.50273076923077,17.8677307692308
"1638",-112.5545,45.2575,1585,-6.67699313328398,18.1313148350729
"1639",-112.5545,45.2583,1584.7,-6.67702193432631,18.1312905290215
"1640",-111.9636,46.6056,1166.8,-5.42911198219122,21.324053038831
"1641",-115.6711,47.4547,1834.6,-6.51054616911388,15.4528254648088
"1642",-118.2858,46.0944,356.6,0.957178137062481,23.6027048544272
"1643",-111.9667,45.8667,1303.9,-7.04027321023512,18.9481994954129
"1644",-118.5692,40.0681,1189.3,-1.3784051582819,23.633145996958
"1645",-118.5703,40.0683,1189.6,-1.37837750249699,23.6331269370577
"1646",-114.0358,40.7206,1291.4,-2.89205337150014,26.2488424748988
"1647",-117.8333,44.7667,1050,-4.01234799007694,18.8789459794608
"1648",-124.1603,40.8097,6.1,8.02041050563546,13.0973798719864
"1649",-122.2536,40.1519,107.6,8.15342307692308,27.9501538461538
"1650",-123.2206,44.1278,107.6,4.38513203382324,19.1436110667074
"1651",-123.2156,44.1331,109.1,4.38514988643609,19.143382153898
"1652",-123.4,48.1333,4.9,4.36658130107555,16.2649272743141
"1653",-122.6003,45.5908,5.8,4.99124496703939,20.724212439555
"1654",-123.3642,42.6003,1168,2.29834615384615,17.4036923076923
"1655",-122.2986,40.5175,151.5,8.05791035561742,28.3413024854118
"1656",-124.1047,40.9783,64.3,7.69950513452638,13.0628859512678
"1657",-116.0225,36.6239,1001,5.84024609247255,29.3988249571593
"1658",-114.2089,39.0117,2016.9,-2.87460686410248,22.3404698920414
"1659",-117.145,36.6019,25.6,10.8115680404231,38.6124863823413
"1660",-111.2936,38.3028,1891,-3.12421184043199,22.886913413982
"1661",-119.8797,34.4142,5.5,9.86332619630667,16.586300122808
"1662",-80.9958,33.9706,64.6,7.4412481225604,27.9671908532767
"1663",-80.9939,33.9719,54.9,7.44069382753698,27.9670117801569
"1664",-93.745,32.5428,54.6,7.3809070080978,28.2812548180067
"1665",-97.4142,35.8517,325.5,2.36415915178561,28.2726641995578
"1666",-90.0289,30.0494,0.9,11.5526080108159,29.1165960247554
"1667",-97.1083,36.1347,270.7,0.950554020334151,26.8894827793506
"1668",-71.9233,41.0731,2.1,-0.124577827076078,22.4728674445664
"1669",-75.3794,41.1389,584,-5.49902312698004,19.8957201972531
"1670",-86.92,46.3344,266.7,-9.5443155438638,17.8157706109208
"1671",-88.8514,41.8431,262.4,-7.4822232590771,21.250618147502
"1672",-94.1333,45.55,310.9,-14.3541157345776,21.1232520783424
"1673",-83.3897,33.7836,225.9,5.53213790243116,25.7225278880753
"1674",-85.1344,36.0139,583.1,-0.171117775168869,21.9173571242786
"1675",-86.9786,32.335,47.9,6.28661770774812,26.6092507716259
"1676",-87.0517,31.145,51.8,8.07396165304108,26.3516911299834
"1677",-73.7422,41.7858,125.9,-4.60142073609304,21.4392559918852
"1678",-73.4667,44.65,71.3,-8.35410082381732,20.7252065131845
"1679",-80.1336,25.8064,0.3,19.8032885592709,28.1095967829748
"1680",-80.6928,28.6158,0.9,15.2804663731462,26.9665506395699
"1681",-81.3183,25.8997,1.2,17.7606114651802,28.1619521054362
"1682",-104.9833,39.75,1623.1,-1.25004510613475,22.2174600524591
"1683",-107.7597,37.1431,2030,-5.20384235708393,20.3462149759748
"1684",-109.6061,31.4583,1251.2,7.43077907087534,26.3318518445961
"1685",-104.2581,32.3336,985.1,5.80868483575822,27.355790523854
"1686",-104.6886,38.8094,1884.3,-0.795115384615385,22.1568076923077
"1687",-104.6883,38.81,1884,-0.795115384615385,22.1568076923077
"1688",-102.5489,36.0253,1215.5,1.0322740183921,24.9490051777347
"1689",-108.8389,35.0706,1923.6,-1.37420808704614,21.0566215064825
"1690",-107.2686,33.2369,1470.1,5.08305398113993,26.4363557361581
"1691",-107.8992,35.1664,1987.3,-0.651109900950777,22.6198221658545
"1692",-108.6264,37.3069,1799.2,-3.00542348482259,21.9169935835168
"1693",-106.8706,39.23,2339.9,-7.17155830287476,17.6189493407272
"1694",-109.6361,32.8567,967.7,7.66642485774517,29.6318390668909
"1695",-118.7167,39.4167,1199.1,0.490571470203107,24.6429688733176
"1696",-117.6931,35.6875,679.7,7.07182300298057,30.3286406676006
"1697",-113.0944,37.7086,1702.6,-1.63699937935625,22.8777902610897
"1698",-112.0825,33.4489,334.7,13.0910928102326,34.4355043705477
"1699",-110.7547,39.6092,1804.7,-4.47563287487611,23.2666537912828
"1700",-114.6167,32.7333,73.2,13.5176744186047,34.3561979183296
"1701",-113.9331,35.2578,1042.4,6.06533163737899,28.5397478281686
"1702",-119.7194,36.78,101.5,8.45903532100968,28.2462345217898
"1703",-121.5947,38.7006,7.3,7.57685050603536,24.5426581564759
"1704",-120.8825,37.2381,23.8,5.80919046737085,22.982957318567
"1705",-123.0747,38.3208,19.2,8.71647867440426,12.7504906268885
"1706",-78.455,38.1375,192.3,1.95525102675731,25.0093432179123
"1707",-78.453,38.1386,195.4,1.95517103866823,25.0093235531602
"1708",-77.8931,35.855,48.8,4.25989613093603,26.1832335912543
"1709",-76.8769,39.9194,141.4,-1.94693955719277,23.0841737194115
"1710",-77.7097,36.4394,78,4.14820532159209,26.1247286326793
"1711",-79.0642,35.9333,156.1,4.79661621633204,26.2945651501989
"1712",-75.1233,38.3092,1.8,1.82623408251567,24.229892803353
"1713",-85.1617,34.3483,194.8,4.40571706647811,26.4260807517745
"1714",-87.6156,33.2122,45.1,7.17696956296113,27.8824973872196
"1715",-80.2222,36.1336,295.7,3.43125268334948,25.891953915564
"1716",-86.4239,36.9647,160.9,1.3233961148926,25.889
"1717",-87.3,39.45,175.3,-3.47991797082636,23.8495340918005
"1718",-89.9161,37.0956,109.7,0.44143116389631,25.6888391445109
"1719",-81.6667,30.2333,6.1,12.2750936293103,28.0522126566014
"1720",-84.9422,32.5164,120.1,8.27326923076923,28.0823076923077
"1721",-85.4333,31.2333,97.8,10.5076959704074,27.7708386476567
"1722",-83.2767,30.7825,60.4,11.0041002738902,28.2254898994376
"1723",-82.7092,34.4981,233.8,5.28408193557557,26.2716923076923
"1724",-88.7714,34.2622,110,5.55181275614974,27.8372840526232
"1725",-84.5167,39.15,231.6,-0.934199485312399,24.6438038696034
"1726",-83,39.9667,221,-1.49490294149318,24.7228038430257
"1727",-92.5586,31.3347,25.6,8.97451234464361,27.7888485129166
"1728",-90.4708,31.1828,125.9,8.38480769230769,26.7337307692308
"1729",-95.3658,35.6578,183.5,2.71449975247306,27.3581231939267
"1730",-98.0603,32.7817,287.1,6.68926923076923,28.9968548092065
"1731",-99.0525,34.9894,474.3,2.63796153846154,28.3273846153846
"1732",-94.7544,31.2361,87.8,9.49669003842263,28.5323813546108
"1733",-91.9344,34.1797,62.2,5.95526923076923,28.3538076923077
"1734",-99.8297,39.3756,666.9,-2.35103846153846,26.2813846153846
"1735",-90.9244,36.1253,83.2,3.21141108233624,27.2756758147377
"1736",-90.9333,36.1333,82.9,3.1915306801392,27.3077207456558
"1737",-92.8142,33.2208,78,6.10899694629221,27.4750496472342
"1738",-94.1683,36.0103,377,2.1435,25.8536923076923
"1739",-91.3333,39.6833,163.1,-4.70578311512145,24.5734727578738
"1740",-94.3333,38.3,264.9,-2.14654283397848,25.9640924022664
"1741",-90.4,37.7667,274,-1.02541066463501,24.6859806120514
"1742",-98.8092,38.8761,568.1,-2.07061538461538,26.4956153846154
"1743",-101.35,48.4167,497.1,-14.4053783924647,20.6175159132503
"1744",-109.7633,48.5428,787.9,-9.48415849495076,20.7546302479275
"1745",-104.7639,38.6803,1780.6,-3.59539214719748,22.6145503095599
"1746",-105.5783,48.0942,604.7,-11.8265488170939,21.3689459676405
"1747",-101.4406,47.6461,581.9,-12.4643496827479,19.8070862388399
"1748",-106.9475,47.3258,811.4,-8.82356182274334,21.2962655491229
"1749",-106.7211,44.3814,1513.9,-3.54162203140769,21.3602254812696
"1750",-105.3856,42.7972,1502.4,-4.64394188211517,21.7339735163207
"1751",-105.1017,48.3083,635.5,-11.8008692129341,20.4844189564894
"1752",-104.7553,40.8067,1642.9,-3.50514326828592,21.1484610457081
"1753",-105.5408,40.0353,2995.6,-7.92474708264355,12.2703541273612
"1754",-103.7364,42.4247,1342.9,-5.94078794848568,20.7016556034096
"1755",-108.6686,42.6753,1759.6,-5.04344364170922,21.582321739698
"1756",-103.3769,46.8947,844.6,-8.5263243006004,21.1777311972232
"1757",-108.9678,40.2447,1847.7,-7.49205980936652,23.9753602153938
"1758",-102.1703,48.9675,561.4,-13.5350763248906,18.5534190638558
"1759",-100.3531,44.0194,647.4,-7.12436469394778,23.1600253039095
"1760",-104.4364,44.5169,1765.4,-7.06795767476622,17.1802550994778
"1761",-118.3333,46.0333,289.3,1.42139753057522,24.0191353266887
"1762",-112.6833,43.8333,1460.9,-9.98107967205721,20.5024352258199
"1763",-115.7667,47.4667,1093,-3.35468364523809,18.0278301284973
"1764",-110.4219,44.5447,2372,-11.8664327963058,12.9263598058042
"1765",-117.3214,47.6858,594.7,-1.06599215384904,21.1605039081256
"1766",-114.4869,42.4819,1265.2,-1.94330220127771,23.0652145195315
"1767",-116.0997,44.8942,1531,-6.97828083609097,16.2979177590636
"1768",-118.9564,43.595,1261.9,-4.09437302931069,19.6061762295116
"1769",-111.8045,43.8339,1480.7,-7.11741125352263,19.6530360245469
"1770",-119.5208,48.4611,397.5,-3.29270809528182,22.4099876962663
"1771",-123.8825,46.1569,2.7,5.78772664514242,15.628055077149
"1772",-121.7242,42.1469,1244.8,-1.4474807919849,18.838635158045
"1773",-120.2014,47.3978,374.6,-2.31097072784426,23.4132079618723
"1774",-123.1339,45.1958,48.2,4.30438601450864,18.8533086964962
"1775",-122.6542,45.6211,6.4,4.63165027390735,20.062093940278
"1776",-120.5644,41.4914,1333.5,-1.41061795726081,19.0166591260003
"1777",-67.8833,46.96,224.6,-13.3237079031465,17.9362129097607
"1778",-71.1783,44.5761,342.3,-10.6472177781912,18.2312743723041
"1779",-74.2028,44.3928,505.7,-10.7488400156557,17.3974087811432
"1780",-74.0561,40.8589,0.9,-0.90796894716322,24.6364910691294
"1781",-71.8731,42.2706,305.4,-4.38188461538462,21.4560769230769
"1782",-72.3053,43.6269,168.9,-7.43408796187215,21.2122837812475
"1783",-75.3839,43.145,216.7,-6.76561513178654,20.4870963038259
"1784",-84.6739,44.3592,350.8,-8.12064020860465,19.5296736468676
"1785",-89.0933,42.1933,221,-6.667,23.0828461538462
"1786",-80.2144,40.4847,366.7,-2.29210765830494,22.6745415689485
"1787",-85.5447,42.8939,237.1,-5.07038845809632,22.12972134386
"1788",-88.2511,41.8964,228.3,-5.71603052228524,23.1123124162587
"1789",-88.1144,45.8183,350.2,-10.5987166949256,19.2312423210871
"1790",-85.3936,40.2344,285.3,-3.30322912763346,23.5854530868248
"1791",-87.875,47.4675,185,-7.44713137785635,17.539694436206
"1792",-97.4,47.9667,276.1,-15.2728982052973,20.9180158846609
"1793",-99.6386,41.4367,771.1,-4.27420287035818,23.5695229250156
"1794",-98.0383,43.7742,396.5,-8.22789410768449,23.8552185583432
"1795",-95.5892,40.0792,298.7,-3.40792307692308,25.5669759824533
"1796",-95.5919,40.0803,298.7,-3.40792307692308,25.5668489162935
"1797",-93.4706,44.8322,276.5,-10.1857503187213,22.9979173663279
"1798",-95.0678,46.9006,437.1,-15.1540828204675,20.1104701651239
"1799",-94.7461,43.4075,401.4,-9.79332363223538,22.1789166148384
"1800",-91.4425,46.0303,368.8,-12.6539608397367,19.2163490700186
"1801",-96.1778,41.7636,313.3,-6.32146399791534,24.3292450403922
"1802",-90.5808,41.6117,259.4,-6.65762087527761,22.9965132990292
"1803",-90.1875,44.6381,382.5,-10.6559973329876,20.4849301857903
"1804",-99.8422,43.3906,619.4,-4.87045023042354,24.3739225931303
"1805",-93.9019,40.6331,344.7,-5.07122755402012,24.0952742603661
"1806",-90.3456,47.7453,185,-10.2898027083554,15.0540594825171
"1807",-90.3444,47.7472,185.9,-10.2906622058681,15.0535607333324
"1808",-96.9914,45.6689,353.9,-11.3416901261486,21.7704678133828
"1809",-90.6775,43.1561,204.8,-8.12752480230399,22.2985012375056
"1810",-96.8542,40.6953,418.2,-4.97666903380858,24.4608885394812
